Latitude, Longitude, Data Value
60, -85, -999
60, -84, -999
60, -83, -999
60, -82, -999
60, -81, -999
60, -80, -999
60, -79, -999
60, -78, -999
60, -77, -999
60, -76, -999
60, -75, -999
60, -74, -999
60, -73, -999
60, -72, -999
60, -71, -999
60, -70, -999
60, -69, -999
60, -68, -999
60, -67, -999
60, -66, -999
60, -65, -999
60, -64, -999
60, -63, 68.4427
60, -62, 67.924
60, -61, 63.5358
60, -60, 50.7196
60, -59, 30.3758
60, -58, 14.9028
60, -57, 18.8861
60, -56, 32.4638
60, -55, 44.6803
60, -54, 53.8073
60, -53, 42.9615
60, -52, 20.4129
60, -51, 4.66973
60, -50, 3.367
60, -49, 5.03286
60, -48, 1.56262
60, -47, 8.94513
60, -46, 13.9595
60, -45, 4.91333
60, -44, 20.394
60, -43, 15.8882
60, -42, -24.7732
60, -41, -48.5427
60, -40, -38.9867
60, -39, -29.9935
60, -38, -23.6322
60, -37, -30.8974
60, -36, -50.5815
60, -35, -47.7099
60, -34, -35.7052
60, -33, -36.9235
60, -32, -37.4994
60, -31, -23.8856
60, -30, -0.297709
60, -29, 6.74863
60, -28, 1.08948
60, -27, -3.77041
60, -26, -6.61683
60, -25, -16.8195
60, -24, -18.3345
60, -23, -10.5986
59, -85, -999
59, -84, -999
59, -83, -999
59, -82, -999
59, -81, -999
59, -80, -999
59, -79, -999
59, -78, -999
59, -77, -999
59, -76, -999
59, -75, -999
59, -74, -999
59, -73, -999
59, -72, -999
59, -71, -999
59, -70, -999
59, -69, -999
59, -68, -999
59, -67, -999
59, -66, -999
59, -65, -999
59, -64, -999
59, -63, 141.343
59, -62, 106.597
59, -61, 83.9668
59, -60, 63.1862
59, -59, 46.8803
59, -58, 30.1798
59, -57, 15.6204
59, -56, 8.89792
59, -55, -10.0526
59, -54, -17.9628
59, -53, -13.2578
59, -52, -25.0069
59, -51, -18.819
59, -50, 9.73843
59, -49, 25.1103
59, -48, 12.2232
59, -47, -3.84611
59, -46, -6.83916
59, -45, -16.7446
59, -44, -23.9112
59, -43, -22.8536
59, -42, -32.5046
59, -41, -42.3865
59, -40, -44.5234
59, -39, -37.399
59, -38, -19.9469
59, -37, -13.3708
59, -36, -10.7741
59, -35, -13.8821
59, -34, -23.761
59, -33, -28.0571
59, -32, -21.3922
59, -31, -18.7954
59, -30, -11.5567
59, -29, -5.55704
59, -28, -5.57104
59, -27, -8.1926
59, -26, -19.5112
59, -25, -32.48
59, -24, -42.4919
59, -23, -53.5986
58, -85, -999
58, -84, -999
58, -83, -999
58, -82, -999
58, -81, -999
58, -80, -999
58, -79, -999
58, -78, -999
58, -77, -999
58, -76, -999
58, -75, -999
58, -74, -999
58, -73, -999
58, -72, -999
58, -71, -999
58, -70, -999
58, -69, -999
58, -68, -999
58, -67, -999
58, -66, -999
58, -65, -999
58, -64, -999
58, -63, -999
58, -62, 122.82
58, -61, 102.182
58, -60, 89.1117
58, -59, 70.3778
58, -58, 43.6087
58, -57, 21.1261
58, -56, 13.9814
58, -55, 2.32049
58, -54, -9.92747
58, -53, -18.1927
58, -52, -16.6987
58, -51, 3.00156
58, -50, 7.865
58, -49, 4.88922
58, -48, 1.52562
58, -47, -8.59676
58, -46, -17.1226
58, -45, -16.7234
58, -44, -11.9824
58, -43, -16.0539
58, -42, -35.8365
58, -41, -47.3781
58, -40, -47.3282
58, -39, -38.222
58, -38, -16.4066
58, -37, -14.3108
58, -36, -33.0102
58, -35, -47.1507
58, -34, -44.912
58, -33, -24.161
58, -32, -15.4913
58, -31, -25.8583
58, -30, -31.1252
58, -29, -28.3233
58, -28, -30.6748
58, -27, -27.8285
58, -26, -21.0839
58, -25, -22.0334
58, -24, -38.4544
58, -23, -45.6143
57, -85, -999
57, -84, -999
57, -83, -999
57, -82, -999
57, -81, -999
57, -80, -999
57, -79, -999
57, -78, -999
57, -77, -999
57, -76, -999
57, -75, -999
57, -74, -999
57, -73, -999
57, -72, -999
57, -71, -999
57, -70, -999
57, -69, -999
57, -68, -999
57, -67, -999
57, -66, -999
57, -65, -999
57, -64, -999
57, -63, -999
57, -62, -999
57, -61, 52.6675
57, -60, 52.0205
57, -59, 52.5979
57, -58, 46.1853
57, -57, 38.2114
57, -56, 20.8009
57, -55, 3.39391
57, -54, -13.8957
57, -53, -25.1265
57, -52, -17.1117
57, -51, 3.33648
57, -50, 18.237
57, -49, 14.842
57, -48, 13.408
57, -47, 7.21652
57, -46, -0.426807
57, -45, 0.857232
57, -44, 9.84552
57, -43, 5.84233
57, -42, -14.1529
57, -41, -19.4398
57, -40, -15.0707
57, -39, -13.2845
57, -38, -15.3486
57, -37, -21.8084
57, -36, -34.7995
57, -35, -50.7595
57, -34, -48.4622
57, -33, -31.7339
57, -32, -31.3296
57, -31, -39.7885
57, -30, -44.8591
57, -29, -31.5127
57, -28, -7.43183
57, -27, 2.71497
57, -26, -27.8613
57, -25, -56.4963
57, -24, -31.2899
57, -23, -33.3288
56, -85, -999
56, -84, -999
56, -83, -999
56, -82, -999
56, -81, -999
56, -80, -999
56, -79, -999
56, -78, -999
56, -77, -999
56, -76, -999
56, -75, -999
56, -74, -999
56, -73, -999
56, -72, -999
56, -71, -999
56, -70, -999
56, -69, -999
56, -68, -999
56, -67, -999
56, -66, -999
56, -65, -999
56, -64, -999
56, -63, -999
56, -62, -999
56, -61, -999
56, -60, 51.249
56, -59, 76.237
56, -58, 86.4971
56, -57, 76.6161
56, -56, 50.8989
56, -55, 24.9899
56, -54, 3.7291
56, -53, -12.2905
56, -52, -15.8214
56, -51, -11.512
56, -50, -0.297259
56, -49, 6.41154
56, -48, 8.42525
56, -47, 4.63626
56, -46, 0.0969295
56, -45, 5.44401
56, -44, 9.07142
56, -43, 3.66996
56, -42, -7.226
56, -41, -13.8211
56, -40, -10.0274
56, -39, -6.32179
56, -38, -20.9925
56, -37, -29.7699
56, -36, -28.3512
56, -35, -32.6928
56, -34, -25.3061
56, -33, -14.6711
56, -32, -21.5493
56, -31, -36.5795
56, -30, -38.2849
56, -29, -15.9954
56, -28, 8.34553
56, -27, 13.8207
56, -26, 4.67634
56, -25, -25.1586
56, -24, -38.7572
56, -23, -46.9542
55, -85, -999
55, -84, -999
55, -83, -999
55, -82, -999
55, -81, -999
55, -80, -999
55, -79, -999
55, -78, -999
55, -77, -999
55, -76, -999
55, -75, -999
55, -74, -999
55, -73, -999
55, -72, -999
55, -71, -999
55, -70, -999
55, -69, -999
55, -68, -999
55, -67, -999
55, -66, -999
55, -65, -999
55, -64, -999
55, -63, -999
55, -62, -999
55, -61, -999
55, -60, -999
55, -59, -999
55, -58, 147.27
55, -57, 114.096
55, -56, 88.1542
55, -55, 60.3722
55, -54, 39.1045
55, -53, 28.7167
55, -52, 18.8813
55, -51, 12.8634
55, -50, 0.677337
55, -49, 0.923984
55, -48, 11.0088
55, -47, 15.2696
55, -46, 11.731
55, -45, 2.26849
55, -44, -4.26759
55, -43, -1.97762
55, -42, 4.76986
55, -41, 1.26766
55, -40, -7.95501
55, -39, -15.9489
55, -38, -20.6747
55, -37, -11.2798
55, -36, -6.91098
55, -35, -12.8902
55, -34, -15.0714
55, -33, -13.6458
55, -32, -13.2977
55, -31, -21.3896
55, -30, -16.5111
55, -29, -4.12159
55, -28, -5.11581
55, -27, -18.408
55, -26, -28.1222
55, -25, -35.0453
55, -24, -29.0624
55, -23, -32.0193
54, -85, -999
54, -84, -999
54, -83, -999
54, -82, -999
54, -81, -999
54, -80, -999
54, -79, -999
54, -78, -999
54, -77, -999
54, -76, -999
54, -75, -999
54, -74, -999
54, -73, -999
54, -72, -999
54, -71, -999
54, -70, -999
54, -69, -999
54, -68, -999
54, -67, -999
54, -66, -999
54, -65, -999
54, -64, -999
54, -63, -999
54, -62, -999
54, -61, -999
54, -60, -999
54, -59, -999
54, -58, -999
54, -57, 124.101
54, -56, 73.0748
54, -55, 57.6231
54, -54, 68.7143
54, -53, 64.5048
54, -52, 43.2412
54, -51, 22.7563
54, -50, -0.997935
54, -49, -18.4656
54, -48, 3.75649
54, -47, 19.4868
54, -46, 19.024
54, -45, 10.2245
54, -44, -6.8763
54, -43, -13.7532
54, -42, -0.572164
54, -41, 6.11562
54, -40, -7.99616
54, -39, -23.5148
54, -38, -30.2317
54, -37, -19.6086
54, -36, -3.5319
54, -35, -5.08337
54, -34, -14.3445
54, -33, -16.7744
54, -32, -15.1241
54, -31, -23.9501
54, -30, -13.8124
54, -29, 1.08851
54, -28, -9.00696
54, -27, -47.8973
54, -26, -68.8733
54, -25, -43.4023
54, -24, -1.85186
54, -23, 51.1994
53, -85, -999
53, -84, -999
53, -83, -999
53, -82, -999
53, -81, -999
53, -80, -999
53, -79, -999
53, -78, -999
53, -77, -999
53, -76, -999
53, -75, -999
53, -74, -999
53, -73, -999
53, -72, -999
53, -71, -999
53, -70, -999
53, -69, -999
53, -68, -999
53, -67, -999
53, -66, -999
53, -65, -999
53, -64, -999
53, -63, -999
53, -62, -999
53, -61, -999
53, -60, -999
53, -59, -999
53, -58, -999
53, -57, -999
53, -56, 9.99441
53, -55, 30.2198
53, -54, 46.9624
53, -53, 45.6353
53, -52, 38.7042
53, -51, 33.8778
53, -50, 16.68
53, -49, -8.10776
53, -48, -11.222
53, -47, -26.144
53, -46, -26.6682
53, -45, -23.8223
53, -44, -24.2175
53, -43, -25.7556
53, -42, -6.88538
53, -41, 18.6987
53, -40, 11.7775
53, -39, -9.32477
53, -38, -19.6549
53, -37, -6.20742
53, -36, 12.2812
53, -35, 12.7816
53, -34, -5.76843
53, -33, -19.4034
53, -32, -11.023
53, -31, -4.39999
53, -30, 16.4599
53, -29, 34.0643
53, -28, 36.9556
53, -27, 14.6538
53, -26, -29.1959
53, -25, -26.8193
53, -24, -11.3752
53, -23, 26.1174
52, -85, -999
52, -84, -999
52, -83, -999
52, -82, -999
52, -81, -999
52, -80, -999
52, -79, -999
52, -78, -999
52, -77, -999
52, -76, -999
52, -75, -999
52, -74, -999
52, -73, -999
52, -72, -999
52, -71, -999
52, -70, -999
52, -69, -999
52, -68, -999
52, -67, -999
52, -66, -999
52, -65, -999
52, -64, -999
52, -63, -999
52, -62, -999
52, -61, -999
52, -60, -999
52, -59, -999
52, -58, -999
52, -57, -999
52, -56, 93.8665
52, -55, 93.9926
52, -54, 96.9132
52, -53, 84.528
52, -52, 71.6416
52, -51, 60.717
52, -50, 33.4983
52, -49, 3.65071
52, -48, -17.8427
52, -47, -22.0198
52, -46, -19.1665
52, -45, -39.3132
52, -44, -27.8654
52, -43, -27.113
52, -42, -37.4575
52, -41, -6.32836
52, -40, 14.1569
52, -39, -24.3707
52, -38, -60.3165
52, -37, -42.4527
52, -36, -8.41542
52, -35, 5.86297
52, -34, -28.2215
52, -33, -55.0779
52, -32, -25.3566
52, -31, -21.3244
52, -30, -3.16094
52, -29, 9.02653
52, -28, 33.6551
52, -27, 68.0935
52, -26, 48.3935
52, -25, 17.5104
52, -24, 1.43225
52, -23, -1.80471
51, -85, -999
51, -84, -999
51, -83, -999
51, -82, -999
51, -81, -999
51, -80, -999
51, -79, -999
51, -78, -999
51, -77, -999
51, -76, -999
51, -75, -999
51, -74, -999
51, -73, -999
51, -72, -999
51, -71, -999
51, -70, -999
51, -69, -999
51, -68, -999
51, -67, -999
51, -66, -999
51, -65, -999
51, -64, -999
51, -63, -999
51, -62, -999
51, -61, -999
51, -60, -999
51, -59, 131.688
51, -58, 115.328
51, -57, -999
51, -56, 134.086
51, -55, 150.074
51, -54, 160.751
51, -53, 105.575
51, -52, 65.3783
51, -51, 53.8123
51, -50, 53.4349
51, -49, 41.8234
51, -48, 20.0361
51, -47, 3.88467
51, -46, -5.42447
51, -45, -70.9893
51, -44, -148.012
51, -43, -71.3401
51, -42, -8.90394
51, -41, -48.8669
51, -40, -29.3423
51, -39, 13.5412
51, -38, -61.5807
51, -37, -84.1391
51, -36, 46.4621
51, -35, 84.5407
51, -34, -38.0057
51, -33, -41.3624
51, -32, 31.086
51, -31, 0.218594
51, -30, -26.6169
51, -29, -5.1745
51, -28, 38.4238
51, -27, 67.9533
51, -26, 69.8576
51, -25, 52.8726
51, -24, 23.3069
51, -23, 35.1946
50, -85, -999
50, -84, -999
50, -83, -999
50, -82, -999
50, -81, -999
50, -80, -999
50, -79, -999
50, -78, -999
50, -77, -999
50, -76, -999
50, -75, -999
50, -74, -999
50, -73, -999
50, -72, -999
50, -71, -999
50, -70, -999
50, -69, -999
50, -68, -999
50, -67, 134.082
50, -66, 133.567
50, -65, 134.96
50, -64, -999
50, -63, 98.8217
50, -62, 82.3636
50, -61, 85.201
50, -60, 88.2983
50, -59, 92.3225
50, -58, -999
50, -57, 98.9322
50, -56, 152.104
50, -55, 166.62
50, -54, 144.508
50, -53, 91.1507
50, -52, 92.9365
50, -51, 109.751
50, -50, 94.439
50, -49, 62.1151
50, -48, 18.2196
50, -47, -8.4708
50, -46, -2.57906
50, -45, -34.956
50, -44, -69.1477
50, -43, -60.1987
50, -42, -26.6345
50, -41, 14.718
50, -40, 46.5211
50, -39, 104.588
50, -38, 25.0642
50, -37, -27.0818
50, -36, 106.449
50, -35, 105.411
50, -34, 6.62857
50, -33, 39.165
50, -32, 38.6647
50, -31, 3.62456
50, -30, 1.1061
50, -29, 0.0312055
50, -28, -37.1248
50, -27, -40.6575
50, -26, 10.3649
50, -25, 38.4909
50, -24, 0.852962
50, -23, -40.1757
49, -85, -999
49, -84, -999
49, -83, -999
49, -82, -999
49, -81, -999
49, -80, -999
49, -79, -999
49, -78, -999
49, -77, -999
49, -76, -999
49, -75, -999
49, -74, -999
49, -73, -999
49, -72, -999
49, -71, -999
49, -70, -999
49, -69, -118.549
49, -68, -999
49, -67, -999
49, -66, -999
49, -65, -999
49, -64, 153.309
49, -63, 137.49
49, -62, 142.324
49, -61, 115.344
49, -60, 83.7414
49, -59, 72.704
49, -58, -999
49, -57, -999
49, -56, -999
49, -55, -999
49, -54, 182.037
49, -53, 151.909
49, -52, 134.615
49, -51, 140.994
49, -50, 142.103
49, -49, 110.648
49, -48, 53.4841
49, -47, 15.0218
49, -46, 10.8203
49, -45, 20.0808
49, -44, 7.20095
49, -43, -62.522
49, -42, -59.7828
49, -41, -6.38218
49, -40, -53.4187
49, -39, -56.3877
49, -38, -50.0713
49, -37, -56.6931
49, -36, -29.2163
49, -35, -35.2737
49, -34, -35.695
49, -33, 0.802141
49, -32, -35.3184
49, -31, -86.8376
49, -30, -78.1439
49, -29, -33.616
49, -28, -2.99445
49, -27, -16.6299
49, -26, -41.2783
49, -25, -57.4893
49, -24, -42.8553
49, -23, -0.906028
48, -85, -999
48, -84, -999
48, -83, -999
48, -82, -999
48, -81, -999
48, -80, -999
48, -79, -999
48, -78, -999
48, -77, -999
48, -76, -999
48, -75, -999
48, -74, -999
48, -73, -999
48, -72, -999
48, -71, -999
48, -70, -999
48, -69, -999
48, -68, -999
48, -67, -999
48, -66, -999
48, -65, -999
48, -64, 145.714
48, -63, 118.591
48, -62, 140.798
48, -61, 129.428
48, -60, 117.089
48, -59, -999
48, -58, -999
48, -57, -999
48, -56, -999
48, -55, -999
48, -54, 154.604
48, -53, -999
48, -52, 142.271
48, -51, 127.731
48, -50, 125.013
48, -49, 115.7
48, -48, 76.5329
48, -47, 40.6471
48, -46, 16.8561
48, -45, 17.217
48, -44, 23.5724
48, -43, 6.63898
48, -42, 47.7589
48, -41, 16.8601
48, -40, -57.8151
48, -39, -3.59194
48, -38, 53.655
48, -37, -34.2654
48, -36, -102
48, -35, -73.0771
48, -34, -25.2265
48, -33, -12.5722
48, -32, -18.7456
48, -31, -40.6088
48, -30, -73.7936
48, -29, -96.6732
48, -28, -70.6291
48, -27, -43.9661
48, -26, -26.0398
48, -25, 14.8648
48, -24, 22.5359
48, -23, -24.9394
47, -85, -999
47, -84, -999
47, -83, -999
47, -82, -999
47, -81, -999
47, -80, -999
47, -79, -999
47, -78, -999
47, -77, -999
47, -76, -999
47, -75, -999
47, -74, -999
47, -73, -999
47, -72, -999
47, -71, -999
47, -70, -999
47, -69, -999
47, -68, -999
47, -67, -999
47, -66, -999
47, -65, -999
47, -64, -999
47, -63, 154.15
47, -62, 147.502
47, -61, -999
47, -60, 116.389
47, -59, 104.679
47, -58, 106.752
47, -57, 117.498
47, -56, 109.797
47, -55, 102.009
47, -54, 111.141
47, -53, 139.108
47, -52, 139.077
47, -51, 99.1485
47, -50, 80.1641
47, -49, 94.5552
47, -48, 85.4179
47, -47, 49.0833
47, -46, 13.5435
47, -45, -7.55099
47, -44, -27.9192
47, -43, -15.5312
47, -42, 37.4137
47, -41, -44.5632
47, -40, -142.026
47, -39, -90.281
47, -38, 20.1856
47, -37, 31.8611
47, -36, -27.5319
47, -35, -39.5761
47, -34, -13.808
47, -33, -17.0359
47, -32, -12.9988
47, -31, 44.6836
47, -30, 76.4914
47, -29, 100.492
47, -28, 74.195
47, -27, -0.115972
47, -26, 31.0853
47, -25, 80.4753
47, -24, 41.7298
47, -23, -52.9919
46, -85, -999
46, -84, -999
46, -83, -999
46, -82, -999
46, -81, -999
46, -80, -999
46, -79, -999
46, -78, -999
46, -77, -999
46, -76, -999
46, -75, -999
46, -74, -999
46, -73, -999
46, -72, -999
46, -71, -999
46, -70, -999
46, -69, -999
46, -68, -999
46, -67, -999
46, -66, -999
46, -65, -999
46, -64, -999
46, -63, 91.045
46, -62, 83.2183
46, -61, -999
46, -60, 80.9548
46, -59, 85.7609
46, -58, 90.7312
46, -57, 95.7801
46, -56, 83.4481
46, -55, 90.4923
46, -54, 110.164
46, -53, 136.484
46, -52, 142.778
46, -51, 123.584
46, -50, 119.994
46, -49, 103.232
46, -48, 67.7034
46, -47, 39.4002
46, -46, 22.6984
46, -45, 21.469
46, -44, -40.4339
46, -43, -76.2713
46, -42, -105.025
46, -41, -84.6367
46, -40, -11.4077
46, -39, -6.80574
46, -38, -30.6254
46, -37, -14.5041
46, -36, -13.9744
46, -35, 1.13794
46, -34, 0.95775
46, -33, -41.8059
46, -32, -39.276
46, -31, 1.03661
46, -30, -9.32639
46, -29, 75.2308
46, -28, 111.66
46, -27, -4.36978
46, -26, -26.7456
46, -25, -24.9262
46, -24, 3.00052
46, -23, 38.3493
45, -85, -999
45, -84, -999
45, -83, -999
45, -82, -999
45, -81, -999
45, -80, -999
45, -79, -999
45, -78, -999
45, -77, -999
45, -76, -999
45, -75, -999
45, -74, -999
45, -73, -999
45, -72, -999
45, -71, -999
45, -70, -999
45, -69, -999
45, -68, -999
45, -67, 47.5594
45, -66, 26.6745
45, -65, -999
45, -64, -999
45, -63, 89.9384
45, -62, 72.3467
45, -61, 74.6534
45, -60, 72.6816
45, -59, 70.1478
45, -58, 66.0459
45, -57, 42.8273
45, -56, 40.3041
45, -55, 55.5909
45, -54, 53.3843
45, -53, 53.5658
45, -52, 50.2878
45, -51, 113.313
45, -50, 108.356
45, -49, 49.2335
45, -48, -40.342
45, -47, -68.3379
45, -46, -39.5314
45, -45, -7.82235
45, -44, -50.4018
45, -43, -67.5282
45, -42, -35.4032
45, -41, 25.0827
45, -40, 168.742
45, -39, 131.053
45, -38, -63.2749
45, -37, -115.244
45, -36, 42.1128
45, -35, 116.499
45, -34, 69.4186
45, -33, 58.0825
45, -32, 54.8649
45, -31, -11.3348
45, -30, -69.4626
45, -29, 10.7095
45, -28, 108.986
45, -27, 54.9299
45, -26, -14.0163
45, -25, -37.1505
45, -24, -11.8775
45, -23, 62.3216
44, -85, -999
44, -84, -999
44, -83, -999
44, -82, -999
44, -81, -999
44, -80, -999
44, -79, -999
44, -78, -999
44, -77, -999
44, -76, -999
44, -75, -999
44, -74, -999
44, -73, -999
44, -72, -999
44, -71, -999
44, -70, 85.5062
44, -69, 114.721
44, -68, 103.057
44, -67, 95.3148
44, -66, -999
44, -65, 102.231
44, -64, 100.901
44, -63, 61.7096
44, -62, 45.4585
44, -61, 57.11
44, -60, 35.1439
44, -59, 9.54653
44, -58, -3.30424
44, -57, -43.0596
44, -56, -0.185388
44, -55, 22.1101
44, -54, 20.317
44, -53, 42.0998
44, -52, 52.9481
44, -51, 71.2367
44, -50, 68.4806
44, -49, 16.3401
44, -48, -69.608
44, -47, -117.497
44, -46, -71.1961
44, -45, -77.5186
44, -44, -236.844
44, -43, -272.897
44, -42, -162.857
44, -41, -15.6618
44, -40, 57.0132
44, -39, 20.2894
44, -38, -27.6176
44, -37, -19.8913
44, -36, 76.3373
44, -35, 60.9746
44, -34, -26.5237
44, -33, -33.4686
44, -32, -38.6561
44, -31, -93.3351
44, -30, -87.9536
44, -29, 4.26703
44, -28, 76.7975
44, -27, 46.9605
44, -26, -3.11754
44, -25, -1.16833
44, -24, 10.7614
44, -23, 27.6243
43, -85, -999
43, -84, -999
43, -83, -999
43, -82, -999
43, -81, -999
43, -80, -999
43, -79, -999
43, -78, -999
43, -77, -999
43, -76, -999
43, -75, -999
43, -74, -999
43, -73, -999
43, -72, -999
43, -71, 82.5458
43, -70, 81.5301
43, -69, 95.7179
43, -68, 101.373
43, -67, 94.7641
43, -66, 84.2067
43, -65, 72.0254
43, -64, 49.3877
43, -63, 30.0172
43, -62, 33.6767
43, -61, 4.68903
43, -60, -3.68563
43, -59, -4.97147
43, -58, -81.7896
43, -57, -149.436
43, -56, -143.38
43, -55, -115.284
43, -54, -60.0503
43, -53, -19.237
43, -52, -15.5923
43, -51, 1.36537
43, -50, -5.70183
43, -49, -16.5754
43, -48, -83.5137
43, -47, -56.1174
43, -46, 63.9736
43, -45, 90.2231
43, -44, -45.8299
43, -43, -116.472
43, -42, -20.5615
43, -41, 64.6313
43, -40, 82.6395
43, -39, 3.07812
43, -38, 6.29797
43, -37, 63.37
43, -36, 53.5074
43, -35, -9.12989
43, -34, -64.6477
43, -33, -85.6289
43, -32, -57.2066
43, -31, -3.54603
43, -30, 29.0285
43, -29, 55.0344
43, -28, 33.0739
43, -27, 29.3829
43, -26, -2.87254
43, -25, 3.29805
43, -24, 29.0225
43, -23, 50.0677
42, -85, -999
42, -84, -999
42, -83, -999
42, -82, -999
42, -81, -999
42, -80, -999
42, -79, -999
42, -78, -999
42, -77, -999
42, -76, -999
42, -75, -999
42, -74, -999
42, -73, -999
42, -72, -999
42, -71, -999
42, -70, 48.2729
42, -69, 59.3645
42, -68, 80.2911
42, -67, 86.338
42, -66, 62.9688
42, -65, 17.1
42, -64, -19.2498
42, -63, -21.8135
42, -62, -30.2965
42, -61, -63.439
42, -60, -20.466
42, -59, 149.131
42, -58, 160.423
42, -57, -87.6004
42, -56, -190.735
42, -55, -186.721
42, -54, -117.162
42, -53, 2.4856
42, -52, -6.85935
42, -51, -112.741
42, -50, -180.01
42, -49, -148.187
42, -48, -134.684
42, -47, 8.11111
42, -46, 169.027
42, -45, 211.747
42, -44, 158.474
42, -43, 125.179
42, -42, 154.431
42, -41, 95.9653
42, -40, -40.6482
42, -39, -115.25
42, -38, -93.3686
42, -37, -48.7999
42, -36, 18.2274
42, -35, 69.4853
42, -34, 105.849
42, -33, 98.1615
42, -32, 113.688
42, -31, 153.531
42, -30, 107.215
42, -29, 66.5075
42, -28, 24.0424
42, -27, 15.9929
42, -26, 0.600245
42, -25, -3.01537
42, -24, 27.5176
42, -23, 53.9674
41, -85, -999
41, -84, -999
41, -83, -999
41, -82, -999
41, -81, -999
41, -80, -999
41, -79, -999
41, -78, -999
41, -77, -999
41, -76, -999
41, -75, -999
41, -74, -999
41, -73, 29.4284
41, -72, 50.823
41, -71, 45.949
41, -70, 46.5833
41, -69, 47.994
41, -68, 22.6697
41, -67, 130.782
41, -66, 128.145
41, -65, -74.9062
41, -64, -151.794
41, -63, -184.07
41, -62, -120.125
41, -61, -13.5134
41, -60, -3.52609
41, -59, 243.968
41, -58, 403.441
41, -57, 15.9392
41, -56, -291.565
41, -55, -313.29
41, -54, -107.953
41, -53, 371.376
41, -52, 406.412
41, -51, -162.94
41, -50, -287.292
41, -49, -176.755
41, -48, -127.569
41, -47, -26.6885
41, -46, 33.7266
41, -45, -10.0649
41, -44, 45.2999
41, -43, 103.516
41, -42, 90.3614
41, -41, -17.4621
41, -40, -136.958
41, -39, -92.7153
41, -38, -23.4152
41, -37, -21.0389
41, -36, -13.4022
41, -35, 0.085883
41, -34, 20.3618
41, -33, 19.1492
41, -32, 39.1165
41, -31, 115.714
41, -30, 90.9684
41, -29, 44.4692
41, -28, 13.2334
41, -27, -24.9892
41, -26, -2.30629
41, -25, 56.8001
41, -24, 72.6199
41, -23, 48.009
40, -85, -999
40, -84, -999
40, -83, -999
40, -82, -999
40, -81, -999
40, -80, -999
40, -79, -999
40, -78, -999
40, -77, -999
40, -76, -999
40, -75, -999
40, -74, 57.1441
40, -73, 57.1138
40, -72, 70.6656
40, -71, 35.2733
40, -70, 22.1579
40, -69, 11.1766
40, -68, -30.8115
40, -67, 127.27
40, -66, 163.68
40, -65, -206.432
40, -64, -374.969
40, -63, -253.367
40, -62, 68.3173
40, -61, 301.668
40, -60, 173.706
40, -59, -78.3377
40, -58, 98.7719
40, -57, 150.519
40, -56, 32.3787
40, -55, -5.43248
40, -54, 239.622
40, -53, 534.926
40, -52, 522.081
40, -51, 62.1649
40, -50, -177.286
40, -49, -85.6603
40, -48, 68.5846
40, -47, 137.644
40, -46, 46.9398
40, -45, -99.8031
40, -44, -27.8352
40, -43, -56.2148
40, -42, -94.1411
40, -41, -70.8306
40, -40, -33.2816
40, -39, 15.4623
40, -38, 20.2667
40, -37, 0.213405
40, -36, 10.5835
40, -35, 64.3686
40, -34, 74.6998
40, -33, 24.4832
40, -32, 41.3547
40, -31, 74.48
40, -30, 54.1346
40, -29, 30.7159
40, -28, 23.1792
40, -27, -13.6002
40, -26, 11.6693
40, -25, 58.9697
40, -24, 64.7668
40, -23, 20.866
39, -85, -999
39, -84, -999
39, -83, -999
39, -82, -999
39, -81, -999
39, -80, -999
39, -79, -999
39, -78, -999
39, -77, -999
39, -76, -999
39, -75, 39.3865
39, -74, 30.3912
39, -73, 32.2282
39, -72, 38.312
39, -71, 3.74173
39, -70, -11.5084
39, -69, -88.5157
39, -68, -165.133
39, -67, 100.901
39, -66, 270.599
39, -65, 16.1167
39, -64, -282.481
39, -63, -194.132
39, -62, 117.459
39, -61, 335.985
39, -60, 229.54
39, -59, -288.806
39, -58, -539.144
39, -57, -136.091
39, -56, 141.467
39, -55, 198.796
39, -54, 244.914
39, -53, 251.007
39, -52, 227.575
39, -51, 83.4801
39, -50, -224.356
39, -49, -289.905
39, -48, 32.4801
39, -47, 182.937
39, -46, 130.295
39, -45, -77.8257
39, -44, -101.605
39, -43, -103.24
39, -42, -91.7817
39, -41, 1.9979
39, -40, 80.8125
39, -39, 73.5309
39, -38, 19.2323
39, -37, -17.7175
39, -36, 28.8922
39, -35, 104.093
39, -34, 78.1025
39, -33, 47.2791
39, -32, 83.4671
39, -31, 71.8561
39, -30, 60.687
39, -29, 68.6314
39, -28, 82.0297
39, -27, 68.2132
39, -26, 92.3498
39, -25, 69.0653
39, -24, 39.4414
39, -23, 45.9377
38, -85, -999
38, -84, -999
38, -83, -999
38, -82, -999
38, -81, -999
38, -80, -999
38, -79, -999
38, -78, -999
38, -77, -999
38, -76, -999
38, -75, 36.6091
38, -74, 5.54687
38, -73, -0.820695
38, -72, 15.3017
38, -71, 132.211
38, -70, 183.826
38, -69, 10.5621
38, -68, -57.9856
38, -67, 201.735
38, -66, 418.26
38, -65, 299.652
38, -64, 0.232828
38, -63, -117.083
38, -62, 109.686
38, -61, 328.123
38, -60, 363.039
38, -59, 124.274
38, -58, -74.3541
38, -57, -22.9816
38, -56, 81.6565
38, -55, 104.014
38, -54, 38.258
38, -53, 15.4031
38, -52, 30.1808
38, -51, -72.4478
38, -50, -382.018
38, -49, -390.701
38, -48, -91.563
38, -47, 68.0537
38, -46, 5.41972
38, -45, -259.195
38, -44, -316.078
38, -43, -104.96
38, -42, 41.6333
38, -41, 120.346
38, -40, 122.475
38, -39, 50.999
38, -38, 8.89031
38, -37, 33.8918
38, -36, 84.1
38, -35, 58.9779
38, -34, 7.05421
38, -33, 51.5925
38, -32, 89.492
38, -31, 95.8858
38, -30, 84.2582
38, -29, 62.837
38, -28, 46.3792
38, -27, 28.1549
38, -26, 46.9076
38, -25, 58.6165
38, -24, 81.6273
38, -23, 103.386
37, -85, -999
37, -84, -999
37, -83, -999
37, -82, -999
37, -81, -999
37, -80, -999
37, -79, -999
37, -78, -999
37, -77, -999
37, -76, 33.316
37, -75, 68.9085
37, -74, 95.7014
37, -73, 191.453
37, -72, 219.819
37, -71, 156.944
37, -70, 170.407
37, -69, 117.007
37, -68, 105.425
37, -67, 182.602
37, -66, 221.8
37, -65, 77.5613
37, -64, -296.518
37, -63, -353.118
37, -62, 17.1525
37, -61, 211.344
37, -60, 221.524
37, -59, 174.164
37, -58, 107.161
37, -57, 67.3346
37, -56, 96.1774
37, -55, 128.176
37, -54, -4.68852
37, -53, -91.9227
37, -52, -21.6815
37, -51, -5.89966
37, -50, -15.2688
37, -49, 50.624
37, -48, 135.351
37, -47, 149.47
37, -46, 66.1172
37, -45, -39.9237
37, -44, -137.006
37, -43, -76.7966
37, -42, 52.4415
37, -41, 112.822
37, -40, 50.1871
37, -39, -18.7528
37, -38, 5.50197
37, -37, 66.9677
37, -36, 84.911
37, -35, 61.7292
37, -34, 71.6627
37, -33, 99.321
37, -32, 79.7936
37, -31, 66.3989
37, -30, 86.5225
37, -29, 77.0194
37, -28, 48.1165
37, -27, 15.9399
37, -26, 33.9965
37, -25, 73.9259
37, -24, 120.251
37, -23, 111.19
36, -85, -999
36, -84, -999
36, -83, -999
36, -82, -999
36, -81, -999
36, -80, -999
36, -79, -999
36, -78, -999
36, -77, -999
36, -76, -999
36, -75, 154.16
36, -74, 212.362
36, -73, 188.867
36, -72, 61.7463
36, -71, -86.9911
36, -70, -80.0513
36, -69, -103.429
36, -68, -113.116
36, -67, -13.0475
36, -66, 60.9399
36, -65, -4.36221
36, -64, -124.028
36, -63, -118.184
36, -62, 10.3931
36, -61, 53.9812
36, -60, 8.70796
36, -59, -4.46674
36, -58, 56.1902
36, -57, 97.2445
36, -56, 137.987
36, -55, 213.36
36, -54, 139.995
36, -53, -7.68053
36, -52, -42.5415
36, -51, -120.153
36, -50, 12.7141
36, -49, 223.298
36, -48, 231.483
36, -47, 153.578
36, -46, 120.815
36, -45, 161.707
36, -44, 126.826
36, -43, 12.8732
36, -42, -7.52892
36, -41, 42.1064
36, -40, 17.7701
36, -39, -20.1418
36, -38, 9.70413
36, -37, 55.2722
36, -36, 79.6323
36, -35, 62.8331
36, -34, 73.3777
36, -33, 102.116
36, -32, 84.7232
36, -31, 53.5833
36, -30, 78.3649
36, -29, 114.336
36, -28, 93.4937
36, -27, 28.5863
36, -26, 33.4973
36, -25, 40.74
36, -24, 55.6839
36, -23, 56.8434
35, -85, -999
35, -84, -999
35, -83, -999
35, -82, -999
35, -81, -999
35, -80, -999
35, -79, -999
35, -78, -999
35, -77, 114.259
35, -76, 184.893
35, -75, 126.557
35, -74, 125.522
35, -73, 115.359
35, -72, -54.2199
35, -71, -156.436
35, -70, -135.832
35, -69, -137.298
35, -68, -144.162
35, -67, -52.4113
35, -66, 37.6869
35, -65, 29.8829
35, -64, 16.6292
35, -63, 39.4461
35, -62, 43.2776
35, -61, -9.33428
35, -60, -139.327
35, -59, -123.301
35, -58, 63.9552
35, -57, 116.396
35, -56, 137.307
35, -55, 193.072
35, -54, 192.09
35, -53, 87.6189
35, -52, -56.6227
35, -51, -134.427
35, -50, 28.5919
35, -49, 176.609
35, -48, 100.578
35, -47, 15.9862
35, -46, 15.7773
35, -45, 149.175
35, -44, 185.762
35, -43, 0.0288905
35, -42, -22.9352
35, -41, 53.2803
35, -40, 37.4501
35, -39, 34.8885
35, -38, 104.27
35, -37, 113.638
35, -36, 133.455
35, -35, 119.526
35, -34, 26.7471
35, -33, 44.069
35, -32, 98.8871
35, -31, 105.175
35, -30, 72.6283
35, -29, 86.1358
35, -28, 71.7352
35, -27, 15.5108
35, -26, -1.72493
35, -25, 0.957815
35, -24, 55.0608
35, -23, 95.1425
34, -85, -999
34, -84, -999
34, -83, -999
34, -82, -999
34, -81, -999
34, -80, -999
34, -79, 78.1816
34, -78, 28.8068
34, -77, 11.4732
34, -76, 44.6937
34, -75, 58.2649
34, -74, 89.4603
34, -73, 74.4083
34, -72, -213.361
34, -71, -281.821
34, -70, -156.183
34, -69, -58.9875
34, -68, -4.08578
34, -67, -3.06277
34, -66, -16.5242
34, -65, 1.66061
34, -64, 42.1072
34, -63, 64.4961
34, -62, 76.1869
34, -61, -26.9704
34, -60, -166.6
34, -59, -154.497
34, -58, 27.2428
34, -57, 87.6419
34, -56, 99.7581
34, -55, 130.437
34, -54, 101.496
34, -53, -139.085
34, -52, -223.268
34, -51, -90.1762
34, -50, 66.5733
34, -49, 1.19527
34, -48, -125.796
34, -47, -121.957
34, -46, -26.2316
34, -45, 114.016
34, -44, 148.725
34, -43, 42.9975
34, -42, 65.5544
34, -41, 71.5793
34, -40, 17.3721
34, -39, 33.7021
34, -38, 109.7
34, -37, 133.909
34, -36, 150.366
34, -35, 143.236
34, -34, -34.7295
34, -33, -23.4961
34, -32, 104.793
34, -31, 152.493
34, -30, 80.4013
34, -29, -7.67847
34, -28, -21.4465
34, -27, -31.3779
34, -26, 14.9949
34, -25, 83.3107
34, -24, 91.9846
34, -23, 88.4478
33, -85, -999
33, -84, -999
33, -83, -999
33, -82, -999
33, -81, -999
33, -80, 65.3464
33, -79, 102.393
33, -78, 82.1817
33, -77, 51.4901
33, -76, 58.2436
33, -75, 81.7538
33, -74, 110.346
33, -73, 77.6306
33, -72, -18.8407
33, -71, 1.47863
33, -70, 37.5411
33, -69, 32.7747
33, -68, 2.01953
33, -67, 0.554055
33, -66, 16.8918
33, -65, 75.75
33, -64, 108.093
33, -63, 92.0238
33, -62, 93.0609
33, -61, 23.4087
33, -60, -44.8802
33, -59, -41.4786
33, -58, 33.8144
33, -57, 44.888
33, -56, 46.6871
33, -55, 72.3228
33, -54, 50.8987
33, -53, -148.383
33, -52, -173.787
33, -51, 63.5991
33, -50, 111.426
33, -49, -19.1188
33, -48, -163.956
33, -47, -175.438
33, -46, -72.0944
33, -45, 59.0296
33, -44, 103.03
33, -43, 81.86
33, -42, 97.6085
33, -41, 75.6621
33, -40, -24.5998
33, -39, -24.8128
33, -38, 20.6748
33, -37, 27.9324
33, -36, 36.8582
33, -35, 68.7269
33, -34, -19.3875
33, -33, -9.5194
33, -32, 47.3515
33, -31, 92.5023
33, -30, 77.1039
33, -29, 16.7196
33, -28, 23.7733
33, -27, 46.8216
33, -26, 54.3955
33, -25, 86.3447
33, -24, 51.1534
33, -23, 28.4141
32, -85, -999
32, -84, -999
32, -83, -999
32, -82, -999
32, -81, 101.281
32, -80, 90.3216
32, -79, 116.903
32, -78, 144.076
32, -77, 166.245
32, -76, 136.389
32, -75, 101.725
32, -74, 88.4598
32, -73, 75.3992
32, -72, 52.4366
32, -71, 4.85412
32, -70, 30.3187
32, -69, 50.1215
32, -68, 35.0719
32, -67, 39.5844
32, -66, 45.9891
32, -65, 75.8007
32, -64, 78.2517
32, -63, 89.4145
32, -62, 44.5816
32, -61, -6.2622
32, -60, 29.1189
32, -59, 27.9307
32, -58, 51.3176
32, -57, 45.8197
32, -56, 22.6756
32, -55, 34.5505
32, -54, 74.5765
32, -53, 16.0941
32, -52, 15.987
32, -51, 96.9986
32, -50, 89.5008
32, -49, 13.695
32, -48, -46.9975
32, -47, -121.072
32, -46, -139.338
32, -45, 3.03904
32, -44, 25.5157
32, -43, 38.3848
32, -42, 71.1738
32, -41, 38.4895
32, -40, -53.6963
32, -39, -47.0265
32, -38, 10.5433
32, -37, 12.5125
32, -36, 23.0779
32, -35, 55.7981
32, -34, 47.4529
32, -33, 50.3659
32, -32, 59.8448
32, -31, 68.4369
32, -30, 60.6524
32, -29, 27.3051
32, -28, 23.1193
32, -27, 63.5054
32, -26, 59.0469
32, -25, 60.1557
32, -24, 49.395
32, -23, 39.9972
31, -85, -999
31, -84, -999
31, -83, -999
31, -82, -999
31, -81, 143.488
31, -80, 110.364
31, -79, 92.2997
31, -78, 107.448
31, -77, 170.605
31, -76, 187.278
31, -75, 123.935
31, -74, 80.398
31, -73, 48.7061
31, -72, -4.24941
31, -71, -49.4319
31, -70, -12.6906
31, -69, 30.4176
31, -68, 57.3603
31, -67, 95.4673
31, -66, 74.3348
31, -65, 51.217
31, -64, 79.3579
31, -63, 93.5493
31, -62, -2.07163
31, -61, -50.7019
31, -60, 18.1359
31, -59, 39.832
31, -58, 28.7109
31, -57, 8.30825
31, -56, 23.4214
31, -55, 29.629
31, -54, 43.0308
31, -53, 18.8431
31, -52, 3.08924
31, -51, 28.7711
31, -50, 37.0756
31, -49, 13.4458
31, -48, 4.34945
31, -47, -51.6868
31, -46, -150.522
31, -45, -24.7362
31, -44, -19.6129
31, -43, -0.483017
31, -42, 56.7077
31, -41, 49.1674
31, -40, 39.2315
31, -39, 64.9303
31, -38, 80.0122
31, -37, 56.3506
31, -36, 43.13
31, -35, 24.9745
31, -34, 31.8539
31, -33, 45.9553
31, -32, 59.0028
31, -31, 57.6891
31, -30, 29.4731
31, -29, -3.88521
31, -28, 8.58637
31, -27, 29.6426
31, -26, 48.9237
31, -25, 81.3766
31, -24, 88.4758
31, -23, 65.1272
30, -85, 65.1233
30, -84, -999
30, -83, -999
30, -82, -999
30, -81, 110.397
30, -80, 85.283
30, -79, 78.9724
30, -78, 114.564
30, -77, 163.938
30, -76, 91.9191
30, -75, 23.7305
30, -74, 11.9111
30, -73, 4.46256
30, -72, 24.3396
30, -71, 62.6669
30, -70, 41.0182
30, -69, -19.0703
30, -68, -15.1883
30, -67, 47.1679
30, -66, 63.9964
30, -65, 41.9616
30, -64, 71.5314
30, -63, 59.5733
30, -62, -23.5896
30, -61, -22.8175
30, -60, 11.2395
30, -59, 20.2366
30, -58, 17.2305
30, -57, -0.555324
30, -56, 9.91837
30, -55, 17.4866
30, -54, -16.9
30, -53, -7.52335
30, -52, -26.2352
30, -51, -24.5006
30, -50, -1.21786
30, -49, 22.6608
30, -48, 32.4878
30, -47, -3.29983
30, -46, -46.8408
30, -45, 18.843
30, -44, -28.4229
30, -43, -42.0202
30, -42, 1.41666
30, -41, 14.7847
30, -40, 30.7269
30, -39, 58.6529
30, -38, 72.942
30, -37, 71.2911
30, -36, 67.8947
30, -35, 42.4725
30, -34, 30.5915
30, -33, 50.657
30, -32, 51.5384
30, -31, 27.4054
30, -30, 25.9982
30, -29, 17.1742
30, -28, 25.3151
30, -27, 23.7716
30, -26, 42.0248
30, -25, 79.9372
30, -24, 87.7159
30, -23, 63.4729
29, -85, 74.4391
29, -84, 70.8579
29, -83, -999
29, -82, -999
29, -81, -999
29, -80, 68.1416
29, -79, 80.2206
29, -78, 118.943
29, -77, 138.705
29, -76, 32.3222
29, -75, -72.6962
29, -74, -38.8557
29, -73, 13.1981
29, -72, 43.001
29, -71, 73.6893
29, -70, 54.9775
29, -69, -25.6555
29, -68, -32.1589
29, -67, 38.5556
29, -66, 76.0571
29, -65, 52.251
29, -64, 52.685
29, -63, 50.5896
29, -62, -3.75494
29, -61, -10.5622
29, -60, -15.0214
29, -59, -7.94549
29, -58, 49.4279
29, -57, 23.4625
29, -56, -17.8824
29, -55, 14.7253
29, -54, 40.5821
29, -53, 73.7923
29, -52, 30.5233
29, -51, -11.8338
29, -50, -0.526275
29, -49, 8.25275
29, -48, 28.1873
29, -47, 33.0749
29, -46, 16.7045
29, -45, 27.601
29, -44, 7.11082
29, -43, 7.16565
29, -42, 17.3376
29, -41, -2.37036
29, -40, -17.9887
29, -39, -9.54913
29, -38, 61.8923
29, -37, 91.0567
29, -36, 82.7779
29, -35, 61.7415
29, -34, 49.6078
29, -33, 62.4729
29, -32, 54.7198
29, -31, 17.4547
29, -30, 58.0712
29, -29, 71.2246
29, -28, 52.1708
29, -27, 21.7983
29, -26, 17.8838
29, -25, 40.6393
29, -24, 60.2231
29, -23, 72.0019
28, -85, 68.7463
28, -84, 78.2099
28, -83, 88.6
28, -82, -999
28, -81, -999
28, -80, 94.1116
28, -79, 86.6331
28, -78, 116.86
28, -77, 172.766
28, -76, 77.8648
28, -75, -80.3588
28, -74, -74.3168
28, -73, -9.01852
28, -72, -11.3647
28, -71, -6.34007
28, -70, 30.4265
28, -69, -39.1788
28, -68, -68.7229
28, -67, 37.8171
28, -66, 99.1479
28, -65, 61.3741
28, -64, 26.7037
28, -63, 58.7424
28, -62, 94.231
28, -61, 54.8788
28, -60, 5.63257
28, -59, 30.0259
28, -58, 63.0846
28, -57, 34.1448
28, -56, -6.75056
28, -55, 14.0724
28, -54, 68.0774
28, -53, 80.4355
28, -52, 59.3277
28, -51, 27.209
28, -50, 26.0265
28, -49, -8.01022
28, -48, -21.6365
28, -47, -12.5405
28, -46, 2.66447
28, -45, 40.0038
28, -44, 55.23
28, -43, 68.3626
28, -42, 79.733
28, -41, 65.458
28, -40, 15.0811
28, -39, 0.432494
28, -38, 55.0408
28, -37, 84.6886
28, -36, 64.6224
28, -35, 35.0644
28, -34, 30.0944
28, -33, 66.6911
28, -32, 76.4186
28, -31, 46.0601
28, -30, 50.1013
28, -29, 68.096
28, -28, 52.6965
28, -27, 28.7145
28, -26, 30.3678
28, -25, 49.6543
28, -24, 64.0523
28, -23, 89.2049
27, -85, 63.9543
27, -84, 73.1358
27, -83, 59.8355
27, -82, -999
27, -81, -999
27, -80, 94.2146
27, -79, 99.0463
27, -78, 96.4939
27, -77, 123.545
27, -76, 110.526
27, -75, -1.57222
27, -74, -47.8739
27, -73, -12.0023
27, -72, -21.1498
27, -71, 18.1842
27, -70, 97.241
27, -69, 79.4205
27, -68, -4.55577
27, -67, 7.85067
27, -66, 6.38051
27, -65, -5.52965
27, -64, -10.4496
27, -63, -6.01292
27, -62, 59.8409
27, -61, 29.5482
27, -60, -36.4808
27, -59, -31.5373
27, -58, -14.0304
27, -57, 9.80825
27, -56, 16.3502
27, -55, -8.70215
27, -54, 7.00285
27, -53, 43.6744
27, -52, 49.4057
27, -51, 50.6118
27, -50, 37.3191
27, -49, -4.45672
27, -48, -28.9897
27, -47, -5.65793
27, -46, 24.7856
27, -45, 52.7012
27, -44, 70.9467
27, -43, 68.1974
27, -42, 83.2477
27, -41, 78.2287
27, -40, 39.1162
27, -39, 38.2878
27, -38, 54.3582
27, -37, 55.048
27, -36, 36.7552
27, -35, 19.509
27, -34, 10.7122
27, -33, 52.4359
27, -32, 75.1674
27, -31, 51.7104
27, -30, 36.3067
27, -29, 53.4907
27, -28, 65.7689
27, -27, 57.3538
27, -26, 65.9277
27, -25, 65.2954
27, -24, 62.9612
27, -23, 93.0136
26, -85, 44.3052
26, -84, 56.4861
26, -83, 55.478
26, -82, -999
26, -81, -999
26, -80, 90.9485
26, -79, 108.383
26, -78, 86.2767
26, -77, 67.6817
26, -76, 122.763
26, -75, 72.4052
26, -74, -20.9668
26, -73, -25.9777
26, -72, -16.2346
26, -71, 48.7511
26, -70, 121.264
26, -69, 148.907
26, -68, 37.4765
26, -67, -33.2813
26, -66, -39.9482
26, -65, -27.0487
26, -64, 36.7538
26, -63, 13.8304
26, -62, 57.8768
26, -61, -0.58267
26, -60, -65.973
26, -59, -53.8285
26, -58, 2.70145
26, -57, 4.10078
26, -56, -17.521
26, -55, -49.477
26, -54, -65.1284
26, -53, -31.2263
26, -52, 25.1624
26, -51, 42.0239
26, -50, 39.7261
26, -49, 42.5646
26, -48, 12.9347
26, -47, 12.8168
26, -46, 48.6981
26, -45, 44.4384
26, -44, 45.2042
26, -43, 43.2024
26, -42, 71.4664
26, -41, 73.6939
26, -40, 43.7957
26, -39, 42.3768
26, -38, 45.1667
26, -37, 41.224
26, -36, 54.2814
26, -35, 62.3738
26, -34, 12.8775
26, -33, -0.151894
26, -32, 37.0747
26, -31, 32.4288
26, -30, 27.8289
26, -29, 23.0248
26, -28, 50.5457
26, -27, 75.2181
26, -26, 81.0068
26, -25, 87.1792
26, -24, 91.3736
26, -23, 103.399
25, -85, 51.2792
25, -84, 16.2106
25, -83, 25.2275
25, -82, 83.981
25, -81, 88.8288
25, -80, 102.398
25, -79, 141.69
25, -78, 44.3808
25, -77, 57.3163
25, -76, 75.3975
25, -75, 44.2459
25, -74, -37.039
25, -73, -31.1282
25, -72, 15.9156
25, -71, 8.76415
25, -70, 56.4461
25, -69, 105.391
25, -68, -1.49933
25, -67, -14.2341
25, -66, 50.9009
25, -65, 36.8427
25, -64, 89.6565
25, -63, 96.9304
25, -62, 85.2066
25, -61, -28.2184
25, -60, -57.6943
25, -59, -51.9286
25, -58, 38.5921
25, -57, 27.4125
25, -56, -29.0641
25, -55, -44.0146
25, -54, -82.2732
25, -53, -53.9592
25, -52, 11.9512
25, -51, 29.7277
25, -50, 18.5841
25, -49, 36.3166
25, -48, 5.44828
25, -47, 21.7445
25, -46, 68.2006
25, -45, 58.1393
25, -44, 42.1267
25, -43, 42.266
25, -42, 29.0314
25, -41, 50.1687
25, -40, 30.4955
25, -39, 18.5666
25, -38, 49.5339
25, -37, 62.2845
25, -36, 55.4777
25, -35, 66.2216
25, -34, 41.1384
25, -33, 21.8243
25, -32, 33.4518
25, -31, 36.7082
25, -30, 28.817
25, -29, 9.45216
25, -28, 27.6461
25, -27, 78.8426
25, -26, 115.32
25, -25, 86.2527
25, -24, 104.342
25, -23, 104.256
24, -85, 79.0462
24, -84, -21.8936
24, -83, 8.67766
24, -82, 99.2131
24, -81, 127.629
24, -80, 134.545
24, -79, 138.595
24, -78, 135.806
24, -77, 113.054
24, -76, 80.7389
24, -75, 60.0016
24, -74, -26.6408
24, -73, -66.3252
24, -72, 33.1973
24, -71, 21.2572
24, -70, 34.8775
24, -69, 66.4816
24, -68, 29.2066
24, -67, 56.5294
24, -66, 91.9503
24, -65, 107.447
24, -64, 107.566
24, -63, 130.118
24, -62, 126.04
24, -61, 67.036
24, -60, 57.6288
24, -59, 21.2242
24, -58, 48.7831
24, -57, 11.9579
24, -56, -0.768123
24, -55, 31.937
24, -54, 1.10486
24, -53, 0.168641
24, -52, 32.3832
24, -51, 36.6081
24, -50, 1.02649
24, -49, -11.9672
24, -48, -28.5912
24, -47, 19.4679
24, -46, 61.5666
24, -45, 58.8847
24, -44, 36.444
24, -43, 21.867
24, -42, 12.9199
24, -41, 25.6031
24, -40, 26.7909
24, -39, 28.3652
24, -38, 56.6369
24, -37, 73.0669
24, -36, 65.9615
24, -35, 60.925
24, -34, 48.6674
24, -33, 34.4572
24, -32, 41.3593
24, -31, 36.3644
24, -30, 11.0721
24, -29, 4.11574
24, -28, 19.0705
24, -27, 33.062
24, -26, 50.065
24, -25, 52.2284
24, -24, 42.3206
24, -23, 35.6703
23, -85, 131.265
23, -84, -999
23, -83, -999
23, -82, -999
23, -81, -999
23, -80, -999
23, -79, 130.062
23, -78, 108.216
23, -77, 86.66
23, -76, 80.9596
23, -75, 76.7167
23, -74, 37.4736
23, -73, 25.1294
23, -72, 78.3618
23, -71, 83.96
23, -70, 79.8157
23, -69, 29.3048
23, -68, -4.35258
23, -67, 17.8718
23, -66, 9.9542
23, -65, 55.4103
23, -64, 56.8313
23, -63, 48.2433
23, -62, 82.7444
23, -61, 80.7904
23, -60, 66.1601
23, -59, 16.5247
23, -58, 22.6214
23, -57, 17.4252
23, -56, 9.23162
23, -55, 52.5583
23, -54, 63.2599
23, -53, 49.7579
23, -52, 57.9735
23, -51, 37.9622
23, -50, 32.3797
23, -49, 22.839
23, -48, -17.0035
23, -47, -12.0518
23, -46, 8.10435
23, -45, 52.1398
23, -44, 49.1256
23, -43, 20.1463
23, -42, 23.4075
23, -41, 55.3957
23, -40, 82.5564
23, -39, 67.8049
23, -38, 36.5332
23, -37, 40.3027
23, -36, 52.8049
23, -35, 64.1965
23, -34, 55.9642
23, -33, 52.6169
23, -32, 62.0135
23, -31, 44.5759
23, -30, 32.5207
23, -29, 30.4261
23, -28, 42.4782
23, -27, 38.1949
23, -26, 35.8753
23, -25, 61.4728
23, -24, 59.5481
23, -23, 30.7086
22, -85, 125.694
22, -84, 32.6833
22, -83, -999
22, -82, 77.375
22, -81, 88.2228
22, -80, -999
22, -79, -999
22, -78, -999
22, -77, 72.8176
22, -76, 78.3068
22, -75, 112.109
22, -74, 100.833
22, -73, 91.5284
22, -72, 75.3825
22, -71, 68.9216
22, -70, 55.3416
22, -69, 38.4453
22, -68, 0.997748
22, -67, -29.2614
22, -66, -62.803
22, -65, -29.0047
22, -64, 5.34795
22, -63, 5.44689
22, -62, 56.5517
22, -61, 44.597
22, -60, 6.83146
22, -59, 15.6736
22, -58, 23.9651
22, -57, 25.907
22, -56, 5.412
22, -55, 40.2972
22, -54, 47.2873
22, -53, 40.073
22, -52, 48.198
22, -51, 14.6923
22, -50, 8.10523
22, -49, 29.8804
22, -48, 26.8324
22, -47, 20.4641
22, -46, 6.36531
22, -45, 23.2114
22, -44, 35.3901
22, -43, 37.2293
22, -42, 40.2754
22, -41, 54.0535
22, -40, 76.0278
22, -39, 52.0842
22, -38, 15.5983
22, -37, 35.8987
22, -36, 40.4139
22, -35, 49.6534
22, -34, 44.5889
22, -33, 50.1075
22, -32, 42.2371
22, -31, 56.5263
22, -30, 63.5643
22, -29, 37.3489
22, -28, 47.088
22, -27, 38.3241
22, -26, 36.5202
22, -25, 79.8327
22, -24, 78.8124
22, -23, 49.5888
21, -85, 157.282
21, -84, 77.4256
21, -83, 79.8744
21, -82, 76.4633
21, -81, 105.496
21, -80, 143.253
21, -79, 126.686
21, -78, -999
21, -77, -999
21, -76, 98.3264
21, -75, 115.248
21, -74, 101.681
21, -73, 99.3636
21, -72, 89.6558
21, -71, 40.7869
21, -70, 15.4011
21, -69, 25.6984
21, -68, 12.7423
21, -67, -43.7107
21, -66, -43.0871
21, -65, -0.0876494
21, -64, 50.6187
21, -63, 62.6235
21, -62, 82.5623
21, -61, 77.989
21, -60, 21.561
21, -59, 21.0217
21, -58, 8.0575
21, -57, -3.30766
21, -56, 1.41745
21, -55, 15.2082
21, -54, 32.0621
21, -53, 9.79231
21, -52, 39.4215
21, -51, 39.0483
21, -50, 32.983
21, -49, 28.3886
21, -48, 25.156
21, -47, 50.8574
21, -46, 49.8399
21, -45, 36.5086
21, -44, 26.2675
21, -43, 36.0528
21, -42, 50.6318
21, -41, 27.5166
21, -40, 75.6066
21, -39, 47.3785
21, -38, 40.2708
21, -37, 44.454
21, -36, 44.355
21, -35, 36.6637
21, -34, 35.6205
21, -33, 56.955
21, -32, 23.8778
21, -31, 33.4126
21, -30, 52.7934
21, -29, 18.9962
21, -28, 49.931
21, -27, 37.8651
21, -26, 29.3663
21, -25, 72.4217
21, -24, 74.6508
21, -23, 39.3017
20, -85, 111.202
20, -84, 95.4547
20, -83, 61.6726
20, -82, 94.831
20, -81, 164.114
20, -80, 179.381
20, -79, 116.287
20, -78, 119.621
20, -77, 123.009
20, -76, 151.971
20, -75, 153.164
20, -74, 83.6182
20, -73, -999
20, -72, 94.012
20, -71, -999
20, -70, 12.1461
20, -69, 27.9784
20, -68, 23.8585
20, -67, -5.23431
20, -66, 19.5304
20, -65, 60.969
20, -64, 59.2658
20, -63, 53.3316
20, -62, 24.7765
20, -61, 49.4598
20, -60, 52.8659
20, -59, 28.8942
20, -58, -15.6715
20, -57, -12.8326
20, -56, 12.498
20, -55, 15.7948
20, -54, 21.7238
20, -53, 23.6888
20, -52, 39.2595
20, -51, 38.269
20, -50, 48.2435
20, -49, 37.6125
20, -48, 16.4178
20, -47, 40.0454
20, -46, 50.2307
20, -45, 40.4396
20, -44, 28.8338
20, -43, 9.93889
20, -42, 38.4885
20, -41, 43.668
20, -40, 63.3224
20, -39, 40.1575
20, -38, 44.8868
20, -37, 60.108
20, -36, 40.9626
20, -35, 31.1052
20, -34, 57.3965
20, -33, 82.1523
20, -32, 36.2998
20, -31, 28.1535
20, -30, 43.2817
20, -29, 38.1854
20, -28, 59.5554
20, -27, 38.1547
20, -26, 32.8392
20, -25, 65.8278
20, -24, 86.5575
20, -23, 43.506
19, -85, 84.4607
19, -84, 75.9536
19, -83, 80.2781
19, -82, 72.2365
19, -81, 121.981
19, -80, 215.917
19, -79, 149.717
19, -78, 148.765
19, -77, 168.875
19, -76, 127.177
19, -75, 107.106
19, -74, 111.309
19, -73, 37.352
19, -72, -999
19, -71, -999
19, -70, -999
19, -69, -999
19, -68, 59.8996
19, -67, 50.4854
19, -66, 72.0147
19, -65, 72.3451
19, -64, 69.1351
19, -63, 46.5548
19, -62, 0.457178
19, -61, 6.71592
19, -60, 53.0519
19, -59, 70.7813
19, -58, 30.818
19, -57, -8.04484
19, -56, 4.13587
19, -55, 38.8231
19, -54, 42.3667
19, -53, 52.9804
19, -52, 28.5903
19, -51, 29.513
19, -50, 37.8912
19, -49, 17.5476
19, -48, 14.645
19, -47, 5.45239
19, -46, 16.3615
19, -45, 35.513
19, -44, 28.0739
19, -43, 29.9419
19, -42, 52.1341
19, -41, 66.5062
19, -40, 61.8686
19, -39, 38.3271
19, -38, 44.7715
19, -37, 59.4493
19, -36, 38.4445
19, -35, 25.1755
19, -34, 39.2064
19, -33, 59.9619
19, -32, 33.9832
19, -31, 34.8923
19, -30, 46.546
19, -29, 61.3886
19, -28, 49.7064
19, -27, 32.8518
19, -26, 37.2599
19, -25, 30.0076
19, -24, 61.2196
19, -23, 56.4274
18, -85, 60.7439
18, -84, 70.8971
18, -83, 105.893
18, -82, 114.681
18, -81, 123.561
18, -80, 217.064
18, -79, 203.357
18, -78, 189.969
18, -77, 180.52
18, -76, 107.662
18, -75, 56.8283
18, -74, 90.1074
18, -73, -31.4151
18, -72, -4.72223
18, -71, -1.21673
18, -70, 31.1253
18, -69, 80.2344
18, -68, 65.8574
18, -67, 59.7216
18, -66, 61.3912
18, -65, 74.9231
18, -64, 64.393
18, -63, 44.2928
18, -62, 3.34184
18, -61, -6.97824
18, -60, 2.46372
18, -59, 16.1114
18, -58, 7.22322
18, -57, -3.40198
18, -56, -7.72921
18, -55, 28.1227
18, -54, 19.2449
18, -53, 23.9221
18, -52, 32.0702
18, -51, 38.2943
18, -50, 33.4893
18, -49, 19.9685
18, -48, 8.39329
18, -47, -7.60554
18, -46, 46.1822
18, -45, 76.246
18, -44, 55.8053
18, -43, 39.1589
18, -42, 68.5633
18, -41, 80.898
18, -40, 60.3081
18, -39, 53.7636
18, -38, 43.9395
18, -37, 79.3047
18, -36, 66.4875
18, -35, 38.0827
18, -34, 64.1427
18, -33, 60.7887
18, -32, 47.6223
18, -31, 27.4489
18, -30, 1.40117
18, -29, 36.6481
18, -28, 29.346
18, -27, 11.9812
18, -26, 35.7439
18, -25, 26.0041
18, -24, 45.5043
18, -23, 57.4831
17, -85, 43.4133
17, -84, 94.5765
17, -83, 100.335
17, -82, 100.857
17, -81, 121.325
17, -80, 166.855
17, -79, 200.095
17, -78, 218.2
17, -77, 191.913
17, -76, 92.2923
17, -75, 17.2729
17, -74, 15.5449
17, -73, 6.94522
17, -72, -31.0702
17, -71, -80.505
17, -70, 40.7212
17, -69, 137.624
17, -68, 82.217
17, -67, 41.3129
17, -66, 49.58
17, -65, 98.8324
17, -64, 75.3435
17, -63, 39.7824
17, -62, 15.6983
17, -61, -3.6487
17, -60, -27.4448
17, -59, -20.252
17, -58, -0.0436503
17, -57, 34.5386
17, -56, 12.9565
17, -55, -9.82822
17, -54, 14.9685
17, -53, 21.6946
17, -52, 27.6326
17, -51, 48.1573
17, -50, 12.6368
17, -49, 13.0026
17, -48, -1.0636
17, -47, 17.8557
17, -46, 59.7443
17, -45, 76.8308
17, -44, 57.646
17, -43, 58.1784
17, -42, 56.7321
17, -41, 76.0523
17, -40, 92.0553
17, -39, 90.411
17, -38, 67.2126
17, -37, 75.7979
17, -36, 76.8777
17, -35, 84.4226
17, -34, 91.2445
17, -33, 81.1652
17, -32, 83.1494
17, -31, 59.544
17, -30, 26.9217
17, -29, 42.5497
17, -28, 27.709
17, -27, -3.67335
17, -26, 25.5423
17, -25, 23.9416
17, -24, 26.3088
17, -23, 36.4234
16, -85, -999
16, -84, 98.336
16, -83, 101.634
16, -82, 94.1623
16, -81, 54.2775
16, -80, 89.0714
16, -79, 176.769
16, -78, 227.96
16, -77, 155.164
16, -76, 36.6801
16, -75, 17.2667
16, -74, -22.077
16, -73, -16.6404
16, -72, -34.848
16, -71, -59.772
16, -70, 20.3082
16, -69, 93.1416
16, -68, 29.8642
16, -67, -10.8203
16, -66, 26.1891
16, -65, 117.418
16, -64, 74.8055
16, -63, 36.3596
16, -62, 13.8444
16, -61, -24.7153
16, -60, -2.62565
16, -59, 8.75609
16, -58, 29.6092
16, -57, 33.6191
16, -56, -20.909
16, -55, -34.3265
16, -54, 30.3361
16, -53, 59.8367
16, -52, 43.1124
16, -51, 72.363
16, -50, 22.8834
16, -49, 6.04377
16, -48, 18.9284
16, -47, 45.7414
16, -46, 40.8165
16, -45, 36.9493
16, -44, 37.1044
16, -43, 82.3954
16, -42, 93.4192
16, -41, 80.3017
16, -40, 71.8206
16, -39, 89.2937
16, -38, 91.1458
16, -37, 76.2873
16, -36, 80.6659
16, -35, 89.6172
16, -34, 68.9655
16, -33, 67.69
16, -32, 94.2455
16, -31, 77.0328
16, -30, 60.1658
16, -29, 69.4561
16, -28, 27.3095
16, -27, -12.2196
16, -26, 50.6444
16, -25, 70.0642
16, -24, 32.945
16, -23, 52.713
15, -85, -999
15, -84, -999
15, -83, 102.248
15, -82, 80.6589
15, -81, 7.9828
15, -80, -41.3722
15, -79, 12.8469
15, -78, 118.386
15, -77, 74.109
15, -76, -2.16541
15, -75, 23.4426
15, -74, 58.553
15, -73, 55.9791
15, -72, 4.81625
15, -71, -66.4298
15, -70, -16.9469
15, -69, 36.794
15, -68, -23.4546
15, -67, -24.0045
15, -66, 23.8395
15, -65, 88.3694
15, -64, 70.1606
15, -63, 57.2168
15, -62, 29.9742
15, -61, 13.9626
15, -60, 8.41337
15, -59, 43.5678
15, -58, 54.9765
15, -57, 44.2047
15, -56, 4.15502
15, -55, -15.4149
15, -54, 10.2017
15, -53, 21.2172
15, -52, 31.927
15, -51, 60.4624
15, -50, 41.2512
15, -49, 37.7828
15, -48, 52.2506
15, -47, 59.0756
15, -46, 42.6979
15, -45, 48.4787
15, -44, 67.0489
15, -43, 73.1795
15, -42, 70.3424
15, -41, 76.5038
15, -40, 68.1171
15, -39, 83.8989
15, -38, 90.6727
15, -37, 64.5919
15, -36, 59.1826
15, -35, 76.4515
15, -34, 60.8368
15, -33, 74.739
15, -32, 91.9971
15, -31, 86.8902
15, -30, 91.4858
15, -29, 90.7748
15, -28, 39.2547
15, -27, 7.24792
15, -26, 67.9961
15, -25, 73.686
15, -24, 43.3424
15, -23, 74.4921
14, -85, -999
14, -84, -999
14, -83, 87.2482
14, -82, 75.7519
14, -81, 58.3226
14, -80, -2.80118
14, -79, -29.7629
14, -78, 45.3927
14, -77, 62.3486
14, -76, 21.6005
14, -75, 43.2446
14, -74, 124.527
14, -73, 107.918
14, -72, 51.1879
14, -71, 0.483305
14, -70, 5.88045
14, -69, 46.2899
14, -68, 12.4389
14, -67, 21.7977
14, -66, 38.3754
14, -65, 64.2825
14, -64, 47.1173
14, -63, 42.9519
14, -62, 11.3653
14, -61, 3.90844
14, -60, 26.7384
14, -59, 57.2657
14, -58, 57.9581
14, -57, 54.6688
14, -56, 50.5267
14, -55, 37.7527
14, -54, 11.1028
14, -53, 0.766221
14, -52, 27.9897
14, -51, 40.178
14, -50, 33.5096
14, -49, 46.3776
14, -48, 55.2401
14, -47, 72.2282
14, -46, 62.8959
14, -45, 57.5247
14, -44, 80.1322
14, -43, 70.871
14, -42, 67.9833
14, -41, 86.979
14, -40, 83.8427
14, -39, 74.3777
14, -38, 72.8863
14, -37, 60.6254
14, -36, 42.7701
14, -35, 63.307
14, -34, 70.1013
14, -33, 72.3508
14, -32, 78.151
14, -31, 74.5859
14, -30, 73.6002
14, -29, 72.9299
14, -28, 58.0841
14, -27, 75.7321
14, -26, 92.2211
14, -25, 96.0023
14, -24, 87.9754
14, -23, 82.6482
13, -85, -999
13, -84, -999
13, -83, 116.707
13, -82, 90.1577
13, -81, 126.496
13, -80, 134.159
13, -79, 85.1856
13, -78, 85.0835
13, -77, 82.8586
13, -76, 102.829
13, -75, 70.1797
13, -74, 85.8834
13, -73, 66.3934
13, -72, 46.1987
13, -71, 23.5063
13, -70, 36.2591
13, -69, 31.657
13, -68, -7.89441
13, -67, -8.67262
13, -66, -2.61956
13, -65, 53.7941
13, -64, 50.0111
13, -63, 11.0644
13, -62, -1.69512
13, -61, -25.5343
13, -60, 58.6617
13, -59, 106.157
13, -58, 99.0292
13, -57, 57.9361
13, -56, 62.524
13, -55, 50.0611
13, -54, 7.99134
13, -53, 5.19124
13, -52, 30.6893
13, -51, 49.0848
13, -50, 52.9663
13, -49, 57.8502
13, -48, 54.6019
13, -47, 71.5633
13, -46, 75.3436
13, -45, 65.8886
13, -44, 86.2786
13, -43, 92.6722
13, -42, 107.694
13, -41, 105.622
13, -40, 88.6833
13, -39, 67.3819
13, -38, 70.2999
13, -37, 69.8638
13, -36, 44.6309
13, -35, 56.0728
13, -34, 60.9975
13, -33, 45.4866
13, -32, 38.3379
13, -31, 27.3751
13, -30, 34.2581
13, -29, 51.3238
13, -28, 77.9165
13, -27, 101.803
13, -26, 110.62
13, -25, 156.25
13, -24, 162.334
13, -23, 109.571
