Timestamp,Conductivity,Temperature,Pressure,Turbidity,Depth,Salinity,Specific Conductivity,Density Anomaly,Speed of sound
28/09/2023 14:12:19.000,-0.002345186,18.6060146,10.39326286,-0.004489573,0.258636735,0,-2.67143551,-1.516082162,1478.168404
28/09/2023 14:12:20.000,-0.002307029,18.59839539,10.39296566,0.012271499,0.258341954,0,-2.628406242,-1.514624578,1478.144111
28/09/2023 14:12:21.000,-0.002831686,18.59037089,10.39326286,-0.021250645,0.258636735,0,-3.226712306,-1.513087331,1478.11853
28/09/2023 14:12:22.000,-0.002679058,18.58973179,10.39293437,-0.041603375,0.258310925,0,-3.052835638,-1.512966551,1478.116487
28/09/2023 14:12:23.000,-0.002307029,18.59666059,10.39317527,-0.033222839,0.258549852,0,-2.628505469,-1.514291516,1478.138583
28/09/2023 14:12:24.000,-0.002450117,18.58945789,10.39338175,-0.006884012,0.258754648,0,-2.791969956,-1.512912082,1478.11562
28/09/2023 14:12:25.000,-0.003966851,18.59646277,10.3934099,-0.014067328,0.258782574,0,-4.519636605,-1.514252567,1478.137957
28/09/2023 14:12:26.000,-0.003308646,18.61446124,10.39350688,-0.069139421,0.258878766,0,-3.768233854,-1.517699163,1478.195329
28/09/2023 14:12:27.000,-0.002526431,18.63113813,10.39337236,0.054174179,0.258745339,0,-2.876321945,-1.520896845,1478.24846
28/09/2023 14:12:28.000,-0.003518508,18.63527854,10.39338487,-0.041603375,0.258757751,0,-4.005433519,-1.521690996,1478.261649
28/09/2023 14:12:29.000,-0.002268872,18.62351223,10.39342867,0.03022979,0.258801192,0,-2.583522002,-1.519434281,1478.224168
28/09/2023 14:12:30.000,-0.003032009,18.59537726,10.39329728,-0.057167227,0.258670868,0,-3.454604749,-1.514045304,1478.134494
28/09/2023 14:12:31.000,-0.002316569,18.60347312,10.3942671,0.003890963,0.259632786,0,-2.638982695,-1.515590818,1478.16032
28/09/2023 14:12:32.000,-0.003661596,18.64632034,10.39640073,0.377423422,0.261749015,0,-4.167322987,-1.523796048,1478.296861
28/09/2023 14:12:33.000,-0.003919155,18.68594434,10.39517436,0.285237527,0.260532647,0,-4.456615878,-1.531416426,1478.422941
28/09/2023 14:12:34.000,-0.002888921,18.72121465,10.39529637,0.274462552,0.260653663,0,-3.282584007,-1.538208201,1478.535075
28/09/2023 14:12:35.000,-0.004653674,18.77167363,10.39546218,0.152346171,0.260818121,0,-5.282029251,-1.547948147,1478.695317
28/09/2023 14:12:36.000,-0.003070166,18.83333586,10.39550598,-1.68179398,0.260861563,0,-3.480058367,-1.559888629,1478.890841
28/09/2023 14:12:37.000,-0.002831686,18.88939644,10.39787738,0.272068113,0.263213625,0,-3.205848197,-1.570769205,1479.068364
28/09/2023 14:12:38.000,-0.003346803,18.92474893,10.39794621,0.296012501,0.263281891,0,-3.786135513,-1.577654575,1479.180152
28/09/2023 14:12:39.000,-0.004186253,18.95778191,10.39625369,-1.263964402,0.261603175,0,-4.732401876,-1.584108408,1479.284482
28/09/2023 14:12:40.000,-0.00397639,18.95041442,10.39534017,-0.109844882,0.260697105,0,-4.495875371,-1.582673901,1479.261199
28/09/2023 14:12:41.000,-0.003213254,18.95888097,10.39504922,0.58693682,0.260408528,0,-3.63237689,-1.584328618,1479.287933
28/09/2023 14:12:42.000,-0.002545509,18.95237327,10.3949585,-2.598864055,0.260318542,0,-2.87793923,-1.583058119,1479.26738
28/09/2023 14:12:43.000,-0.003241871,18.96217821,10.39512118,-0.156536439,0.260479897,0,-3.664466383,-1.584972392,1479.298345
28/09/2023 14:12:44.000,-0.003785606,18.98637616,10.39505861,-0.674932448,0.260417837,0,-4.27684537,-1.589703244,1479.374723
28/09/2023 14:12:45.000,-0.002431039,19.0098666,10.39493347,-3.524314666,0.260293718,0,-2.745111411,-1.594302079,1479.448819
28/09/2023 14:12:46.000,-0.002497813,19.03220611,10.39526196,0.026638132,0.260619531,0,-2.819154315,-1.598679028,1479.51925
28/09/2023 14:12:47.000,-0.004138557,19.04094864,10.39507738,-0.330133255,0.260436455,0,-4.670097111,-1.600394836,1479.546796
28/09/2023 14:12:48.000,-0.002307029,19.05091402,10.39481146,-4.968161286,0.260172703,0,-2.602776392,-1.602351894,1479.578186
28/09/2023 14:12:49.000,-0.002574127,19.05761071,10.3954528,-5.609870895,0.260808812,0,-2.9036954,-1.603663859,1479.599289
28/09/2023 14:12:50.000,-0.002726754,19.07545184,10.39578129,0.759336417,0.261134625,0,-3.074681821,-1.607167844,1479.655471
28/09/2023 14:12:51.000,-0.0024215,19.07985781,10.39479895,0.482778731,0.260160291,0,-2.730218434,-1.608038585,1479.669323
28/09/2023 14:12:52.000,-0.002497813,19.10477388,10.39483649,-0.076322738,0.260197526,0,-2.814751038,-1.612940902,1479.747722
28/09/2023 14:12:53.000,-0.002927078,19.12245436,10.39477705,-0.249919554,0.26013857,0,-3.297228121,-1.616424019,1479.803321
28/09/2023 14:12:54.000,-0.001028776,19.12764694,10.39485526,-0.186466925,0.260216144,0,-1.158742757,-1.617447172,1479.819647
28/09/2023 14:12:55.000,-0.00253597,19.11836773,10.39579068,-1.90806845,0.261143934,0,-2.856913526,-1.615614047,1479.790489
28/09/2023 14:12:56.000,-0.002755372,19.122169,10.39580945,-6.435952294,0.261162551,0,-3.10382805,-1.616363037,1479.802441
28/09/2023 14:12:57.000,-0.002278412,19.122169,10.39555917,-3.14599333,0.260914313,0,-2.566549397,-1.616364187,1479.802437
28/09/2023 14:12:58.000,-0.0036139,19.11455639,10.39615358,-2.391745095,0.261503879,0,-4.071596507,-1.614861475,1479.77851
28/09/2023 14:12:59.000,-0.003470812,19.11193236,10.39897549,-6.552082578,0.264302777,0,-3.910607326,-1.614331614,1479.770305
28/09/2023 14:13:00.000,-0.002993852,19.10984845,10.39886912,6.204290337,0.264197275,0,-3.373361595,-1.61392166,1479.763749
28/09/2023 14:13:01.000,-0.002354725,19.10643481,10.3991194,0.027835352,0.264445516,0,-2.653412237,-1.613248262,1479.753017
28/09/2023 14:13:02.000,-0.003241871,19.1105261,10.3994479,-0.903601357,0.264771331,0,-3.652767303,-1.614052463,1479.76589
28/09/2023 14:13:03.000,-0.003051087,19.10760665,10.39796185,-1.326219812,0.263297406,0,-3.438018,-1.613484336,1479.756684
28/09/2023 14:13:04.000,-0.003175097,19.12197027,10.39284052,-4.679631406,0.258217836,0,-3.576648557,-1.616337514,1479.801767
28/09/2023 14:13:05.000,-0.00301293,19.09292392,10.39021887,-1.338192006,0.255617568,0,-3.396095419,-1.610629693,1479.710367
28/09/2023 14:13:06.000,-0.003051087,19.0469522,10.39126378,-0.048786691,0.256653949,0,-3.442511917,-1.601590514,1479.565648
28/09/2023 14:13:07.000,-0.00373791,19.00682758,10.39105417,0.002693744,0.256446052,0,-4.221097254,-1.593724689,1479.439172
28/09/2023 14:13:08.000,-0.003318185,19.00321345,10.39123875,0.03022979,0.256629126,0,-3.747407918,-1.593016106,1479.427776
28/09/2023 14:13:09.000,-0.002726754,19.00192053,10.3910135,0.055371398,0.256405714,0,-3.079558772,-1.592763991,1479.423695
28/09/2023 14:13:10.000,-0.00313694,18.97414169,10.39086959,0.042201985,0.256262979,0,-3.544941174,-1.587329945,1479.336043
28/09/2023 14:13:11.000,-0.002450117,18.97167866,10.39414196,-0.07153386,0.259508667,0,-2.768935164,-1.58683343,1479.328322
28/09/2023 14:13:12.000,-0.003098783,18.95536503,10.39416386,-0.043997814,0.259530388,0,-3.503241342,-1.58364599,1479.276815
28/09/2023 14:13:13.000,-0.003470812,18.94154149,10.39392923,-0.064350544,0.259297666,0,-3.924999698,-1.580948478,1479.233148
28/09/2023 14:13:14.000,-0.001763295,18.87850451,10.39412632,-0.065547763,0.259493153,0,-1.996756559,-1.568667718,1479.03384
28/09/2023 14:13:15.000,-0.003432655,18.79946459,10.39399493,0.055371398,0.259362828,0,-3.893798914,-1.55333145,1478.783454
28/09/2023 14:13:16.000,-0.002383343,18.79000882,10.3942452,0.014665938,0.259611065,0,-2.704075598,-1.551500013,1478.753469
28/09/2023 14:13:17.000,-0.002411961,18.8112028,10.39412319,0.045793643,0.25949005,0,-2.735288093,-1.555604283,1478.820674
28/09/2023 14:13:18.000,-0.00229749,18.84663806,10.39421079,-0.017658986,0.259576933,0,-2.6034744,-1.562475884,1478.932958
28/09/2023 14:13:19.000,-0.004062243,18.88880656,10.39443917,-0.045195033,0.259803449,0,-4.599063004,-1.570670238,1479.066441
28/09/2023 14:13:20.000,-0.002640901,18.91270416,10.39431403,-0.042800594,0.259679331,0,-2.988348867,-1.57532378,1479.142018
28/09/2023 14:13:21.000,-0.0024215,18.9265293,10.39434219,0.00987706,0.259707257,0,-2.739263319,-1.57801827,1479.18572
28/09/2023 14:13:22.000,-0.003394499,18.94785524,10.39435157,-0.022447864,0.259716566,0,-3.838176303,-1.582178833,1479.2531
28/09/2023 14:13:23.000,-0.002221176,18.98334796,10.39437973,0.05058252,0.259744493,0,-2.509571546,-1.589114023,1479.365156
28/09/2023 14:13:24.000,-0.003003391,19.02039942,10.39452051,0.014665938,0.259884126,0,-3.390637157,-1.596367704,1479.482022
28/09/2023 14:13:25.000,-0.003547126,19.06213821,10.3947833,0.021849254,0.260144776,0,-4.00087811,-1.604556193,1479.613537
28/09/2023 14:13:26.000,-0.002125784,19.10517638,10.39494598,-0.035617278,0.26030613,0,-2.395496032,-1.613019648,1479.74899
28/09/2023 14:13:27.000,-0.002621823,19.12506336,10.39497727,-0.024842303,0.26033716,0,-2.953206121,-1.616937324,1479.811527
28/09/2023 14:13:28.000,-0.002688597,19.1477214,10.39504297,-0.053575569,0.260402322,0,-3.026944909,-1.621405913,1479.882737
28/09/2023 14:13:29.000,-0.002249794,19.18425103,10.39500543,0.012271499,0.260365087,0,-2.530932052,-1.628622456,1479.997451
28/09/2023 14:13:30.000,-0.004186253,19.2114139,10.39516498,0.470806537,0.260523338,0,-4.7066266,-1.633996952,1480.082682
28/09/2023 14:13:31.000,-0.002812607,19.22107319,10.39497414,0.664756083,0.260334057,0,-3.161573755,-1.635911195,1480.112971
28/09/2023 14:13:32.000,-0.002469196,19.24119008,10.39507738,0.467214878,0.260436455,0,-2.774356303,-1.639898783,1480.176036
28/09/2023 14:13:33.000,-0.003709292,19.25204064,10.39545906,0.609683989,0.260815018,0,-4.16674244,-1.642049888,1480.210043
28/09/2023 14:13:34.000,-0.002726754,19.25909637,10.39498353,0.786872463,0.260343366,0,-3.06256883,-1.643452674,1480.23214
28/09/2023 14:13:35.000,-0.002803068,19.27614323,10.39504297,0.673136619,0.260402322,0,-3.147130017,-1.646838485,1480.285528
28/09/2023 14:13:36.000,-0.002650441,19.30032766,10.39520252,0.454045465,0.260560574,0,-2.974226041,-1.651646921,1480.36123
28/09/2023 14:13:37.000,-0.002545509,19.30800922,10.39551537,-1.779965972,0.260870872,0,-2.856005877,-1.653174296,1480.385269
28/09/2023 14:13:38.000,-0.002249794,19.30388,10.39504297,0.507920339,0.260402322,0,-2.524443122,-1.652354574,1480.372342
28/09/2023 14:13:39.000,-0.002955695,19.29321824,10.39570308,-0.860501458,0.26105705,0,-3.317276827,-1.65023024,1480.33899
28/09/2023 14:13:40.000,-0.00326095,19.29247313,10.39640073,-0.640213085,0.261749015,0,-3.659932795,-1.650078831,1480.33667
28/09/2023 14:13:41.000,-0.002144863,19.31716654,10.39518062,-2.404914509,0.260538853,0,-2.406017018,-1.65499918,1480.413908
28/09/2023 14:13:42.000,-0.002965234,19.31573725,10.39544967,-1.788346508,0.260805709,0,-3.326377256,-1.654713295,1480.409442
28/09/2023 14:13:43.000,-0.003165558,19.31693172,10.39584073,-0.797048829,0.261193581,0,-3.55100751,-1.654949383,1480.413184
28/09/2023 14:13:44.000,-0.004005008,19.32204667,10.39577816,-1.954760007,0.261131522,0,-4.492179675,-1.655968502,1480.42918
28/09/2023 14:13:45.000,-0.004434272,19.32462976,10.39536833,-0.038011717,0.260725032,0,-4.973384656,-1.656485007,1480.437251
28/09/2023 14:13:46.000,-0.003566204,19.33331367,10.39533079,0.506723119,0.260687796,0,-3.99903464,-1.65821578,1480.464402
28/09/2023 14:13:47.000,-0.003232332,19.33779629,10.39522755,0.252912602,0.260585398,0,-3.624292443,-1.659109901,1480.478413
28/09/2023 14:13:48.000,-0.001629746,19.33812305,10.39536207,-4.868792074,0.260718826,0,-1.827359871,-1.659174434,1480.479437
28/09/2023 14:13:49.000,-0.002888921,19.33199138,10.39542777,-2.56773635,0.260783988,0,-3.239640951,-1.657951767,1480.46027
28/09/2023 14:13:50.000,-0.003671136,19.3055235,10.39548096,1.02033025,0.260836739,0,-4.119153178,-1.652679669,1480.377492
28/09/2023 14:13:51.000,-0.003184636,19.25280588,10.3953871,0.9185666,0.26074365,0,-3.577324005,-1.642202098,1480.21244
28/09/2023 14:13:52.000,-0.003327724,19.22268996,10.39545906,1.028710786,0.260815018,0,-3.740472706,-1.636229322,1480.118049
28/09/2023 14:13:53.000,-0.002755372,19.19236809,10.39519626,1.384284954,0.260554368,0,-3.099147203,-1.630227028,1480.02293
28/09/2023 14:13:54.000,-0.002707676,19.15010673,10.39545906,1.401046026,0.260815018,0,-3.048267891,-1.621874783,1479.890238
28/09/2023 14:13:55.000,-0.002221176,19.12185307,10.39546844,-2.267234276,0.260824327,0,-2.502092966,-1.616302342,1479.801442
28/09/2023 14:13:56.000,-0.002965234,19.13321687,10.39539961,1.435765389,0.260756061,0,-3.339436873,-1.618542884,1479.837163
28/09/2023 14:13:57.000,-0.00289846,19.15917959,10.39534017,-0.089492152,0.260697105,0,-3.262413786,-1.623666557,1479.918737
28/09/2023 14:13:58.000,-0.002545509,19.186785,10.39531827,0.446862148,0.260675384,0,-2.863444558,-1.629122129,1480.00541
28/09/2023 14:13:59.000,-0.002612284,19.20771157,10.39499604,1.682392589,0.260355778,0,-2.937238501,-1.633264614,1480.071066
28/09/2023 14:14:00.000,-0.001620207,19.20453459,10.39521816,1.335198958,0.260576089,0,-1.821876247,-1.632634624,1480.061103
28/09/2023 14:14:01.000,-0.003384959,19.17278516,10.39492096,0.052976959,0.260281307,0,-3.808887877,-1.626356243,1479.961456
28/09/2023 14:14:02.000,-0.003232332,19.17201028,10.39506174,-4.904708657,0.26042094,0,-3.637206314,-1.626202466,1479.959025
28/09/2023 14:14:03.000,-0.002602745,19.17288712,10.39493347,-1.953562788,0.260293718,0,-2.92870301,-1.626376335,1479.961776
28/09/2023 14:14:04.000,-0.002793529,19.16058646,10.39549034,-5.606279237,0.260846048,0,-3.144211433,-1.623943701,1479.923158
28/09/2023 14:14:05.000,-0.003251411,19.18994107,10.39513682,-4.05228843,0.260495412,0,-3.657265017,-1.629747194,1480.015312
28/09/2023 14:14:06.000,-0.003203715,19.21987466,10.39569682,-4.822100517,0.261050844,0,-3.601299394,-1.635670409,1480.109225
28/09/2023 14:14:07.000,-0.002860303,19.20570236,10.39431403,36.09885924,0.259679331,0,-3.21624892,-1.632869957,1480.064752
28/09/2023 14:14:08.000,-0.00278399,19.16102483,10.39382286,3.517729959,0.259192165,0,-3.133445205,-1.624037938,1479.924507
28/09/2023 14:14:09.000,-0.003575743,19.12382,10.393388,-2.385758998,0.258760854,0,-4.027804258,-1.616699556,1479.807592
28/09/2023 14:14:10.000,-0.003299107,19.06620242,10.39299382,1.322029544,0.258369881,0,-3.720806113,-1.605362866,1479.626305
28/09/2023 14:14:11.000,-0.002831686,19.04088754,10.39342242,-2.511467037,0.258794986,0,-3.195380744,-1.600390453,1479.546576
28/09/2023 14:14:12.000,-0.001887304,19.02661573,10.3953433,-1.196920115,0.260700208,0,-2.130360653,-1.597582458,1479.501631
28/09/2023 14:14:13.000,-0.003308646,19.01394929,10.3958814,-1.462702826,0.26123392,0,-3.735769645,-1.595097513,1479.461709
28/09/2023 14:14:14.000,-0.002869842,19.00800856,10.39590956,1.257379695,0.261261847,0,-3.240734869,-1.593933666,1479.442976
28/09/2023 14:14:15.000,-0.004567821,19.0036563,10.39526822,-5.881639703,0.260625737,0,-5.158640723,-1.593084297,1479.429239
28/09/2023 14:14:16.000,-0.003337263,18.97851826,10.39821526,-13.53306901,0.263548749,0,-3.77096297,-1.588151867,1479.349977
28/09/2023 14:14:17.000,-0.003508969,18.9338749,10.39772409,-1.795529824,0.263061578,0,-3.968806894,-1.579435266,1479.208988
28/09/2023 14:14:18.000,-0.003108322,18.89949604,10.39708587,-3.88707215,0.262428568,0,-3.518269979,-1.572738596,1479.100297
28/09/2023 14:14:19.000,-0.005388192,18.84277991,10.39733302,-3.687136507,0.262673705,0,-6.1063124,-1.561712651,1478.920789
28/09/2023 14:14:20.000,40.49272223,19.14093778,10.43941668,0.36185957,0.304414178,29.59742746,45595.19313,20.8638514,1513.16986
28/09/2023 14:14:21.000,40.51211543,19.59982693,10.444767,0.286434746,0.309720875,29.28980323,45171.22488,20.51504637,1514.14033
28/09/2023 14:14:22.000,40.51255423,19.92067923,10.46832805,0.331929084,0.333089789,29.06744287,44865.14774,20.26491032,1514.80305
28/09/2023 14:14:23.000,40.51363216,20.15781393,10.4835136,0.045793643,0.348151508,28.90547511,44642.42003,20.08141308,1515.291242
28/09/2023 14:14:24.000,40.51187695,20.33659212,10.48884573,0.117626808,0.353440158,28.78231762,44473.14881,19.94201103,1515.655661
28/09/2023 14:14:25.000,40.50876717,20.4699429,10.49442827,0.032624229,0.358977175,28.68958961,44345.74219,19.83724845,1515.925229
28/09/2023 14:14:26.000,40.51392788,20.57037792,10.4983555,0.086499103,0.362872375,28.62596682,44258.44851,19.76299061,1516.134403
28/09/2023 14:14:27.000,40.52783604,20.65104506,10.49926925,0.167910024,0.363778674,28.58270536,44199.24834,19.70924294,1516.310586
28/09/2023 14:14:28.000,40.53412237,20.71623169,10.50727717,0.420523321,0.371721293,28.54395528,44146.16007,19.66293097,1516.448569
28/09/2023 14:14:29.000,40.54220208,20.77343066,10.51944738,0.007482621,0.383792263,28.51203607,44102.48425,19.62387399,1516.571807
28/09/2023 14:14:30.000,40.54369019,20.8252132,10.51213082,0.280448649,0.37653536,28.47864833,44056.70238,19.58500683,1516.677917
28/09/2023 14:14:31.000,40.56849213,20.86724678,10.52307442,-0.151747561,0.387389724,28.47001481,44045.22803,19.56753512,1516.784632
28/09/2023 14:14:32.000,40.58621597,20.90411828,10.60508729,0.143965635,0.468733802,28.45928092,44030.80487,19.55011711,1516.875851
28/09/2023 14:14:33.000,40.58902049,20.93483068,10.66017764,0.163121146,0.52337491,28.44102763,44005.84243,19.52847584,1516.941245
28/09/2023 14:14:34.000,40.58946884,20.9589731,10.71169366,0.075724128,0.574470834,28.42532275,43984.33908,19.51046651,1516.991245
28/09/2023 14:14:35.000,40.59701435,20.97834142,10.8085038,0.07213247,0.670491526,28.41831531,43974.88721,19.50050242,1517.038437
28/09/2023 14:14:36.000,40.6050559,20.99512853,10.91123533,0.020652035,0.772385317,28.41340911,43968.32713,19.49283238,1517.080922
28/09/2023 14:14:37.000,40.60365363,21.00969126,11.07307124,0.080513006,0.932901507,28.40261202,43953.57048,19.48153362,1517.111749
28/09/2023 14:14:38.000,40.60622922,21.02182085,11.16519357,0.073329689,1.024272611,28.39654922,43945.33755,19.47415735,1517.13994
28/09/2023 14:14:39.000,40.59704296,21.03172407,11.28476048,0.03022979,1.1428645,28.38280544,43926.40391,19.46165744,1517.153976
28/09/2023 14:14:40.000,40.59071847,21.03804981,11.35988666,0.064949154,1.217378049,28.37367485,43913.81988,19.45340057,1517.16253
28/09/2023 14:14:41.000,40.5899458,21.04188286,11.47742468,0.073329689,1.333957584,28.3705023,43909.5061,19.45050416,1517.171521
28/09/2023 14:14:42.000,40.58637813,21.04473438,11.56698718,0.018257596,1.422789732,28.36581428,43903.05997,19.44659268,1517.175674
28/09/2023 14:14:43.000,40.58263877,21.0469471,11.68576174,0.139176758,1.540595734,28.36140759,43897.0082,19.44319062,1517.178869
28/09/2023 14:14:44.000,40.58233351,21.04907676,11.76743753,0.147557293,1.621605484,28.35973747,43894.74671,19.44172342,1517.184239
28/09/2023 14:14:45.000,40.5834019,21.04990786,11.95230883,0.158332268,1.804969215,28.35996486,43895.14864,19.44248995,1517.189859
28/09/2023 14:14:46.000,40.58117927,21.05092077,12.00424896,0.161923926,1.856485797,28.3575514,43891.82618,19.44062131,1517.190843
28/09/2023 14:14:47.000,40.57888032,21.05176747,12.0810846,0.067343592,1.932694865,28.35518147,43888.57201,19.4389387,1517.191834
28/09/2023 14:14:48.000,40.57760207,21.05272327,12.13559228,0.073329689,1.986758052,28.35353958,43886.32298,19.43768167,1517.193557
28/09/2023 14:14:49.000,40.58107434,21.0534557,12.21733285,0.11283793,2.067832056,28.35573123,43889.41432,19.43951113,1517.199354
28/09/2023 14:14:50.000,40.58228582,21.05445827,12.26655663,0.090090761,2.116654434,28.35599576,43889.81561,19.43966485,1517.203221
28/09/2023 14:14:51.000,40.57746852,21.05495176,12.39038864,0.151148952,2.239476639,28.35188806,43884.15834,19.43696312,1517.202107
28/09/2023 14:14:52.000,40.57496925,21.05493618,12.45897994,0.085301884,2.307508597,28.34993538,43881.46952,19.4357872,1517.201053
28/09/2023 14:14:53.000,40.58020627,21.05488423,12.55230531,0.140373977,2.400072932,28.35401444,43887.18041,19.4393053,1517.206973
28/09/2023 14:14:54.000,40.57732543,21.05506605,12.62326719,0.131993441,2.470456149,28.35163383,43883.89999,19.43776334,1517.206027
28/09/2023 14:14:55.000,40.57799317,21.05584525,12.70736732,0.049385301,2.553870473,28.35161331,43883.91581,19.43791266,1517.209549
28/09/2023 14:14:56.000,40.57874677,21.05572058,12.78732454,0.00987706,2.633175661,28.35225853,43884.84382,19.43878613,1517.211254
28/09/2023 14:14:57.000,40.57808857,21.05593356,12.89969563,0.039807546,2.74463041,28.35157342,43883.93892,19.43870414,1517.212958
28/09/2023 14:14:58.000,40.57642874,21.05573097,12.98243257,0.000299305,2.826692657,28.350393,43882.32752,19.43822533,1517.212478
28/09/2023 14:14:59.000,40.57736359,21.05603746,13.07320048,0.15474061,2.916720382,28.35089085,43883.0607,19.43892129,1517.215385
28/09/2023 14:15:00.000,40.57499786,21.05567383,13.12141226,0.149951732,2.964539018,28.34927812,43880.83185,19.43800513,1517.21341
28/09/2023 14:15:01.000,40.57859414,21.05581928,13.2231609,0.110443491,3.065457927,28.35194846,43884.58929,19.44043969,1517.218457
28/09/2023 14:15:02.000,40.57518865,21.05613616,13.31286978,0.155937829,3.154435267,28.34906531,43880.61912,19.4385634,1517.21764
28/09/2023 14:15:03.000,40.57495971,21.05607902,13.3670499,0.039807546,3.208173569,28.34890943,43880.42332,19.43869817,1517.218215
28/09/2023 14:15:04.000,40.57590409,21.05581409,13.48143962,0.027835352,3.321630476,28.34978574,43881.68478,19.43993504,1517.220365
28/09/2023 14:15:05.000,40.57631427,21.05603746,13.57285703,0.025440913,3.412302413,28.34993047,43881.92591,19.44038779,1517.222664
28/09/2023 14:15:06.000,40.57804087,21.0559024,13.67726257,0.033821449,3.515856553,28.35133194,43883.91559,19.44194509,1517.225583
28/09/2023 14:15:07.000,40.5752268,21.05584006,13.74503786,0.173896121,3.583079168,28.34916574,43880.92877,19.4406159,1517.224151
28/09/2023 14:15:08.000,40.57617119,21.05565305,13.83494276,0.169107243,3.67225092,28.34999761,43882.1196,19.44169103,1517.226056
28/09/2023 14:15:09.000,40.57745898,21.05525306,13.99973422,0.11403515,3.835698559,28.35121567,43883.8749,19.44344403,1517.229053
28/09/2023 14:15:10.000,40.57539851,21.05536734,14.12651482,0.110443491,3.961445311,28.34950146,43881.54295,19.44267056,1517.22959
28/09/2023 14:15:11.000,40.57453998,21.05514397,14.25223228,0.108049053,4.08613759,28.34894533,43880.81693,19.44285961,1517.23046
28/09/2023 14:15:12.000,40.57620934,21.05494657,14.39650381,0.074526909,4.229232631,28.350332,43882.80126,19.44459718,1517.233857
28/09/2023 14:15:13.000,40.57382454,21.05470242,14.52794461,0.117626808,4.359601575,28.34860132,43880.44342,19.4439258,1517.233469
28/09/2023 14:15:14.000,40.57577054,21.05448424,14.67114928,0.166712804,4.501638468,28.35021712,43882.74578,19.44583795,1517.237044
28/09/2023 14:15:15.000,40.57444459,21.0545206,14.73083283,0.123612905,4.56083532,28.34914492,43881.2788,19.44527721,1517.236956
28/09/2023 14:15:16.000,40.57509326,21.05438035,14.84725292,0.013468718,4.676306043,28.3497083,43882.10747,19.44625287,1517.239136
28/09/2023 14:15:17.000,40.57575146,21.0544323,14.98521224,0.017060377,4.813140347,28.35014577,43882.77223,19.44717715,1517.242065
28/09/2023 14:15:18.000,40.57428242,21.05422451,15.06218632,0.026638132,4.88948673,28.34911877,43881.37181,19.44679077,1517.241644
28/09/2023 14:15:19.000,40.57454952,21.05409464,15.1443747,0.046990862,4.971004893,28.34938854,43881.7784,19.44739057,1517.242957
28/09/2023 14:15:20.000,40.57371961,21.05434399,15.19629874,0.045793643,5.022505507,28.34856339,43880.65483,19.44692724,1517.243598
28/09/2023 14:15:21.000,40.57501694,21.05416737,15.2994825,0.073329689,5.12484784,28.34965897,43882.218,19.44825801,1517.246044
28/09/2023 14:15:22.000,40.57433966,21.05417256,15.39925909,0.097274078,5.22381079,28.3491001,43881.4808,19.448271,1517.247107
28/09/2023 14:15:23.000,40.5747403,21.05420373,15.48794145,0.135585099,5.311769975,28.34936532,43881.88585,19.4488536,1517.248965
28/09/2023 14:15:24.000,40.57501694,21.05415698,15.58763678,0.139176758,5.410652322,28.34958247,43882.22741,19.44946856,1517.250741
28/09/2023 14:15:25.000,40.57777377,21.05427646,15.70777826,0.135585099,5.529814095,28.35161206,43885.10064,19.45150462,1517.255316
28/09/2023 14:15:26.000,40.57302325,21.05439593,15.7677448,0.062554715,5.589291627,28.34782232,43879.85463,19.44886177,1517.252459
28/09/2023 14:15:27.000,40.57551298,21.05456736,15.861471,0.099668517,5.68225352,28.34961752,43882.39189,19.45059033,1517.256477
28/09/2023 14:15:28.000,40.57603764,21.05460372,15.96502052,0.122415686,5.784958635,28.34997141,43882.92634,19.45130413,1517.258696
28/09/2023 14:15:29.000,40.57509326,21.05486865,16.06274044,0.140373977,5.881881677,28.34903373,43881.66485,19.45095252,1517.26002
28/09/2023 14:15:30.000,40.57584685,21.05493098,16.16648621,0.151148952,5.984781436,28.34954838,43882.42336,19.45178231,1517.262491
28/09/2023 14:15:31.000,40.57498832,21.05458294,16.31700066,0.078118567,6.134068497,28.34906753,43881.81035,19.45217012,1517.263516
28/09/2023 14:15:32.000,40.57387224,21.05419854,16.45188205,0.120021247,6.267849972,28.34841499,43880.95174,19.45236856,1517.26399
28/09/2023 14:15:33.000,40.5753222,21.05416737,16.52126669,0.062554715,6.336668804,28.34954282,43882.54813,19.45353711,1517.266308
28/09/2023 14:15:34.000,40.57413933,21.05381933,16.60478368,0.110443491,6.419504741,28.34882918,43881.58434,19.45345402,1517.265958
28/09/2023 14:15:35.000,40.57590409,21.05424009,16.69227254,0.067343592,6.50628016,28.34989765,43883.11153,19.4545384,1517.269754
28/09/2023 14:15:36.000,40.57652414,21.0542297,16.76482066,0.063751934,6.578236679,28.3503656,43883.79153,19.4552148,1517.271453
28/09/2023 14:15:37.000,40.57389132,21.05435438,16.80728792,-0.000897915,6.620357632,28.34822396,43880.83111,19.45374398,1517.270139
28/09/2023 14:15:38.000,40.57490247,21.0550141,16.84034644,0.012271499,6.653146566,28.34856427,43881.32668,19.45397412,1517.272879
28/09/2023 14:15:39.000,40.57660045,21.05493098,16.98153966,0.021849254,6.793188408,28.34989848,43883.23837,19.4556283,1517.276481
28/09/2023 14:15:40.000,40.57542713,21.054718,17.06614761,0.070935251,6.877106411,28.34910264,43882.16249,19.45545218,1517.276429
28/09/2023 14:15:41.000,40.57658137,21.05444268,17.18940868,0.033821449,6.999362332,28.35014642,43883.66037,19.45685775,1517.278883
28/09/2023 14:15:42.000,40.57698202,21.05430762,17.27475561,0.043399204,7.084013284,28.35052254,43884.2161,19.45755345,1517.280351
28/09/2023 14:15:43.000,40.57415841,21.05448424,17.37205547,0.121218466,7.180519692,28.34818237,43881.00226,19.45615925,1517.279876
28/09/2023 14:15:44.000,40.57511233,21.05442191,17.45465187,0.104457394,7.262442554,28.34894132,43882.09043,19.45711419,1517.281921
28/09/2023 14:15:45.000,40.57411072,21.05428685,17.5782095,0.151148952,7.384992612,28.34821618,43881.12961,19.45714233,1517.282812
28/09/2023 14:15:46.000,40.57513141,21.05389725,17.67833151,0.130796222,7.484298164,28.3492384,43882.58666,19.4584599,1517.284541
28/09/2023 14:15:47.000,40.5743015,21.05373102,17.75366016,0.120021247,7.559012531,28.34868131,43881.83977,19.45841185,1517.284727
28/09/2023 14:15:48.000,40.57544621,21.05363752,17.86567195,0.126007344,7.670110908,28.3496007,43883.16255,19.45962589,1517.287355
28/09/2023 14:15:49.000,40.5740821,21.05380894,17.9489398,0.045793643,7.752699729,28.34840272,43881.53186,19.45903787,1517.287892
28/09/2023 14:15:50.000,40.57490247,21.05364791,18.04047872,0.084104664,7.84349219,28.34912053,43882.56508,19.46002679,1517.289771
28/09/2023 14:15:51.000,40.57515049,21.05363752,18.12739954,0.026638132,7.929704194,28.34929508,43882.84273,19.46054375,1517.291385
28/09/2023 14:15:52.000,40.57603764,21.05369985,18.22060373,0.056568618,8.022148336,28.34991662,43883.74569,19.4614083,1517.293799
28/09/2023 14:15:53.000,40.57453998,21.05375699,18.301726,0.018257596,8.102609083,28.348691,43882.07415,19.4608199,1517.293956
28/09/2023 14:15:54.000,40.57355744,21.05388166,18.38598994,0.116429589,8.186185884,28.34782031,43880.89851,19.46049681,1517.294743
28/09/2023 14:15:55.000,40.57537943,21.05392841,18.47845744,0.105654614,8.277899342,28.34917916,43882.82664,19.46192152,1517.297916
28/09/2023 14:15:56.000,40.57501694,21.0537518,18.59086493,0.123612905,8.389390188,28.34898162,43882.5947,19.46231182,1517.299089
28/09/2023 14:15:57.000,40.57559883,21.05393361,18.67624053,0.03142701,8.474069581,28.34928909,43883.05922,19.46287235,1517.301353
28/09/2023 14:15:58.000,40.57481662,21.05368946,18.84039576,0.076921348,8.636886179,28.34879492,43882.43455,19.46328268,1517.302876
28/09/2023 14:15:59.000,40.57566561,21.0535544,18.98733383,-0.000897915,8.782626021,28.34950178,43883.47518,19.46449981,1517.305738
28/09/2023 14:16:00.000,40.57376731,21.05346609,19.09978229,0.090090761,8.894157502,28.34805181,43881.50218,19.46391702,1517.305771
28/09/2023 14:16:01.000,40.57415841,21.05313883,19.20359022,0.063751934,8.997118912,28.34854225,43882.22182,19.464831,1517.307146
28/09/2023 14:16:02.000,40.5740344,21.05289988,19.27927102,0.102062956,9.072182559,28.34858196,43882.30431,19.46525631,1517.307796
28/09/2023 14:16:03.000,40.57432058,21.05280119,19.3487919,0.104457394,9.141136523,28.34884961,43882.70329,19.46579064,1517.308981
28/09/2023 14:16:04.000,40.57477846,21.05268171,19.42935618,0.149951732,9.221043826,28.3492613,43883.30681,19.46648821,1517.310452
28/09/2023 14:16:05.000,40.57436828,21.05272327,19.520596,0.081710225,9.311539618,28.34888853,43882.82551,19.4665953,1517.311677
28/09/2023 14:16:06.000,40.57492155,21.05275963,19.59626687,0.11283793,9.386593422,28.34927275,43883.39093,19.46720961,1517.313465
28/09/2023 14:16:07.000,40.57453998,21.0527856,19.65655873,0.046990862,9.446393618,28.34894147,43882.95471,19.46721633,1517.314176
28/09/2023 14:16:08.000,40.57405348,21.05271807,19.74336785,0.166712804,9.532494844,28.34858278,43882.48975,19.46734329,1517.315043
28/09/2023 14:16:09.000,40.57374823,21.05258302,19.81359623,0.15474061,9.602150532,28.34841446,43882.28204,19.46755955,1517.315659
28/09/2023 14:16:10.000,40.57279431,21.05264535,19.90671879,0.082907445,9.694513709,28.34760467,43881.19383,19.46733794,1517.31649
28/09/2023 14:16:11.000,40.57390085,21.05235965,19.99551366,0.012271499,9.782584494,28.34862821,43882.64959,19.46857945,1517.318317
28/09/2023 14:16:12.000,40.57317587,21.05204278,20.07317574,0.024243693,9.859613264,28.34825163,43882.15273,19.46871813,1517.318327
28/09/2023 14:16:13.000,40.57361468,21.05166358,20.14084235,0.084104664,9.926728071,28.34882397,43882.97107,19.46954911,1517.319046
28/09/2023 14:16:14.000,40.57308048,21.05134672,20.22426916,0.035018668,10.00947456,28.34859405,43882.68055,19.46982437,1517.319314
28/09/2023 14:16:15.000,40.57340482,21.05104544,20.28662824,0.146360074,10.07132513,28.34902741,43883.30446,19.47050614,1517.320006
28/09/2023 14:16:16.000,40.83439745,21.05035458,20.38854115,0.121218466,10.17240697,28.55247836,44166.2187,19.62547641,1517.544524
28/09/2023 14:16:17.000,41.26659972,21.05757512,20.48963884,0.124810124,10.27268025,28.88423212,44627.02908,19.875724,1517.932499
28/09/2023 14:16:18.000,41.22008656,21.07341036,20.53131265,0.148754513,10.31401423,28.83731457,44562.15275,19.83613604,1517.924792
28/09/2023 14:16:19.000,41.42794583,21.0842857,20.65430635,0.099668517,10.43600495,28.99190759,44776.80984,19.95110411,1518.12741
28/09/2023 14:16:20.000,39.97716638,21.09076579,20.71148819,0.48517317,10.4927205,27.86005464,43202.97591,19.09108344,1516.896367
28/09/2023 14:16:21.000,31.14165955,21.09442437,20.7180956,0.974835912,10.49927403,21.12926534,33651.97923,13.99337671,1509.48743
28/09/2023 14:16:22.000,34.11342697,21.09802072,20.71657525,0.964060938,10.49776607,23.36356984,36860.56386,15.68279119,1511.958388
28/09/2023 14:16:23.000,41.43760904,21.10105071,20.58357505,0.103260175,10.36585044,28.98812391,44771.75885,19.94349811,1518.167972
28/09/2023 14:16:24.000,41.43082666,21.10359743,20.54179988,0.082907445,10.32441594,28.98113087,44762.07823,19.9373366,1518.166525
28/09/2023 14:16:25.000,41.00862148,21.10433028,20.39045133,0.029032571,10.17430158,28.65202637,44305.25555,19.68679792,1517.80258
28/09/2023 14:16:26.000,40.62415338,21.10311927,20.18877958,0.05058252,9.974274398,28.35406559,43890.97735,19.46021144,1517.466915
28/09/2023 14:16:27.000,40.60182211,21.09888345,20.0187192,0.15474061,9.805600795,28.33956912,43870.68502,19.44958304,1517.436449
28/09/2023 14:16:28.000,40.58949745,21.0918831,19.87503649,0.137979538,9.66308977,28.33466188,43863.70517,19.4470706,1517.409421
28/09/2023 14:16:29.000,40.58985994,21.08730484,19.71526891,0.097274078,9.504625041,28.33801413,43868.24239,19.45011528,1517.397889
28/09/2023 14:16:30.000,40.5803589,21.08298142,19.52797792,0.123612905,9.318861345,28.33354314,43861.88849,19.44703776,1517.377957
28/09/2023 14:16:31.000,40.58092171,21.07890762,19.41412909,0.038610326,9.205940908,28.33670479,43866.18603,19.45000664,1517.368363
28/09/2023 14:16:32.000,40.58301079,21.07548868,19.27143957,0.079315787,9.064414976,28.34062857,43871.54106,19.45325474,1517.360927
28/09/2023 14:16:33.000,40.57997733,21.0723972,19.11850001,0.080513006,8.912722584,28.34035856,43871.06216,19.4531905,1517.349587
28/09/2023 14:16:34.000,40.57780239,21.0703709,18.9630961,0.145162855,8.75858594,28.34005241,43870.54642,19.45280807,1517.34109
28/09/2023 14:16:35.000,40.57793594,21.06838102,18.80735713,0.008679841,8.604116967,28.34151639,43872.49357,19.4537573,1517.334643
28/09/2023 14:16:36.000,40.57796456,21.06667174,18.6629974,-0.004489573,8.460934437,28.34271017,43874.07318,19.4544778,1517.328857
28/09/2023 14:16:37.000,40.57702017,21.06564826,18.53002112,0.015863157,8.329042536,28.34269114,43873.97942,19.45414813,1517.323806
28/09/2023 14:16:38.000,40.57697248,21.06419878,18.44429255,0.003890963,8.244013054,28.343637,43875.24123,19.45486982,1517.319438
28/09/2023 14:16:39.000,40.57793594,21.06313377,18.29648319,-0.000897915,8.097409025,28.34513268,43877.2481,19.45563488,1517.315698
28/09/2023 14:16:40.000,40.57804087,21.06258828,18.0594678,0.046990862,7.862326415,28.3456434,43877.85589,19.45512447,1517.310807
28/09/2023 14:16:41.000,40.57840336,21.06222981,17.93407876,0.018257596,7.737959884,28.34619842,43878.57271,19.45508885,1517.308343
28/09/2023 14:16:42.000,40.57850829,21.06165316,17.76641266,0.001496524,7.571661044,28.34670972,43879.20877,19.45489168,1517.304525
28/09/2023 14:16:43.000,40.57729681,21.0615025,17.51280855,0.104457394,7.320124984,28.34594095,43878.03528,19.45323407,1517.29903
28/09/2023 14:16:44.000,40.57633335,21.06136224,17.41499846,0.148754513,7.223112502,28.34531305,43877.12056,19.45236495,1517.296318
28/09/2023 14:16:45.000,40.57924281,21.06089988,17.27355947,0.075724128,7.082826896,28.34792128,43880.68573,19.45384363,1517.295568
28/09/2023 14:16:46.000,40.57848921,21.06071805,17.06753076,0.145162855,6.878478277,28.34751528,43880.03561,19.45267837,1517.291182
28/09/2023 14:16:47.000,40.57684847,21.06057259,16.92481123,0.064949154,6.73692258,28.3463773,43878.3932,19.45122639,1517.287143
28/09/2023 14:16:48.000,40.57831751,21.06048428,16.84831036,0.087696322,6.661045549,28.34759978,43880.0618,19.45184089,1517.286974
28/09/2023 14:16:49.000,40.57928097,21.06011543,16.69962367,0.048188082,6.51357135,28.34863562,43881.43795,19.45207039,1517.284623
28/09/2023 14:16:50.000,40.58003456,21.06034401,16.48671898,0.0924852,6.302402819,28.34913188,43882.0457,19.45145156,1517.282245
28/09/2023 14:16:51.000,40.57794548,21.06080117,16.37139554,0.097274078,6.188019799,28.34723899,43879.3723,19.44938898,1517.279486
28/09/2023 14:16:52.000,40.57901387,21.06122716,16.21301416,0.148754513,6.03092997,28.34783365,43880.14154,19.44903246,1517.278669
28/09/2023 14:16:53.000,40.5788994,21.06129989,16.08103674,0.146360074,5.900028778,28.34773475,43879.95184,19.44835858,1517.276557
28/09/2023 14:16:54.000,40.57968161,21.06122716,15.93610954,0.151148952,5.756283409,28.34843282,43880.86361,19.44827058,1517.274709
28/09/2023 14:16:55.000,40.57935728,21.06121677,15.80933663,0.149951732,5.630544291,28.34822424,43880.52231,19.44755819,1517.272335
28/09/2023 14:16:56.000,40.57892802,21.06131548,15.63754415,0.153543391,5.460152715,28.34787497,43879.96866,19.44651266,1517.269353
28/09/2023 14:16:57.000,40.58013949,21.06112846,15.56351382,0.108049053,5.386726077,28.3489618,43881.4482,19.44706102,1517.268804
28/09/2023 14:16:58.000,40.57985332,21.06107131,15.46734961,0.137979538,5.291346057,28.34880494,43881.19053,19.4465346,1517.266868
28/09/2023 14:16:59.000,40.57878493,21.06131028,15.27965037,0.130796222,5.105177441,28.3478707,43879.81864,19.44493859,1517.26336
28/09/2023 14:17:00.000,40.58055922,21.06151289,15.16882455,0.066146373,4.995255367,28.34914805,43881.55365,19.44536752,1517.263478
28/09/2023 14:17:01.000,40.58091217,21.06166355,15.02776959,0.080513006,4.855350657,28.3493636,43881.79876,19.44487182,1517.261775
28/09/2023 14:17:02.000,40.58072139,21.06169472,14.80389196,0.037413107,4.633298677,28.34925944,43881.56421,19.44380115,1517.258009
28/09/2023 14:17:03.000,40.5800441,21.06219864,14.68602352,0.129599002,4.516391411,28.34843385,43880.37514,19.44252472,1517.256514
28/09/2023 14:17:04.000,40.58117927,21.06244801,14.56096068,0.062554715,4.392348419,28.34918756,43881.37662,19.44248159,1517.255944
28/09/2023 14:17:05.000,40.58142729,21.06278569,14.37977615,0.124810124,4.212641378,28.34920948,43881.33877,19.4416136,1517.253872
28/09/2023 14:17:06.000,40.58049244,21.06286881,14.23743053,0.055371398,4.071456538,28.34846901,43880.25258,19.44040473,1517.250907
28/09/2023 14:17:07.000,40.58196148,21.06289998,14.10398295,0.099668517,3.939097175,28.34962894,43881.81282,19.44069024,1517.250046
28/09/2023 14:17:08.000,40.58063553,21.06311299,13.92213457,0.055371398,3.75873171,28.34851,43880.18602,19.43898661,1517.24636
28/09/2023 14:17:09.000,40.58186609,21.06337274,13.81780884,0.141571196,3.655256723,28.34932498,43881.28122,19.43907832,1517.246232
28/09/2023 14:17:10.000,40.58167531,21.06375719,13.65809802,0.099668517,3.496848285,28.34896868,43880.72652,19.43800546,1517.244229
28/09/2023 14:17:11.000,40.58232397,21.06368445,13.51357432,0.124810124,3.353503125,28.34956281,43881.49383,19.43784037,1517.242273
28/09/2023 14:17:12.000,40.58299172,21.064178,13.36347948,0.068540812,3.204632261,28.34979894,43881.76857,19.43723051,1517.241384
28/09/2023 14:17:13.000,40.583669,21.06452608,13.23701576,0.074526909,3.079199804,28.35013183,43882.18545,19.43683606,1517.240597
28/09/2023 14:17:14.000,40.58391702,21.06477545,13.06052886,0.021849254,2.904152094,28.35021079,43882.22763,19.43605515,1517.238424
28/09/2023 14:17:15.000,40.58414596,21.06511834,12.90951981,0.07213247,2.754374475,28.35020571,43882.16443,19.43529785,1517.236839
28/09/2023 14:17:16.000,40.58121742,21.06566904,12.77557116,0.063751934,2.62151813,28.34760396,43878.49888,19.43259109,1517.233243
28/09/2023 14:17:17.000,40.58492817,21.06634962,12.58219707,0.152346171,2.429720934,28.35009426,43881.89435,19.43345197,1517.234635
28/09/2023 14:17:18.000,40.58474693,21.06673408,12.47583712,0.11283793,2.324228315,28.34972994,43881.34998,19.43260738,1517.233513
28/09/2023 14:17:19.000,40.58548145,21.06722244,12.35283745,0.108049053,2.202231663,28.35001355,43881.7016,19.4321539,1517.233114
28/09/2023 14:17:20.000,40.58850538,21.06782511,12.18151631,0.123612905,2.032307594,28.35201506,43884.42494,19.43276134,1517.23412
28/09/2023 14:17:21.000,40.5884386,21.06900448,12.03623981,0.193051631,1.888215767,28.35122534,43883.28396,19.43121428,1517.234062
28/09/2023 14:17:22.000,40.58903957,21.06995526,11.93443375,0.181079437,1.787239904,28.35109323,43883.07211,19.43041708,1517.234828
28/09/2023 14:17:23.000,40.59041322,21.07062549,11.75440761,0.13438788,1.608681815,28.3517698,43883.94987,19.42996341,1517.23441
28/09/2023 14:17:24.000,40.59196811,21.07153992,11.60421524,0.11283793,1.459714217,28.35241712,43884.80226,19.42955446,1517.235129
28/09/2023 14:17:25.000,40.59278848,21.07282325,11.49586324,0.117626808,1.352245786,28.35223751,43884.52624,19.4286051,1517.236646
28/09/2023 14:17:26.000,40.60054385,21.07378965,11.3861256,0.188262754,1.243403021,28.35765777,43892.03464,19.43198095,1517.243453
28/09/2023 14:17:27.000,40.60039123,21.07509899,11.16073333,0.219390459,1.019848747,28.35673847,43890.68302,19.42994943,1517.242271
28/09/2023 14:17:28.000,40.60334838,21.07726049,10.99260581,0.250518164,0.853092251,28.35765594,43891.92091,19.42933897,1517.246412
28/09/2023 14:17:29.000,40.60401612,21.07987409,10.92815407,0.178684998,0.789166086,28.3564652,43890.27429,19.42746585,1517.251197
28/09/2023 14:17:30.000,40.61418491,21.08225914,10.6891454,0.147557293,0.55210645,28.36285936,43899.10443,19.43063975,1517.260815
28/09/2023 14:17:31.000,40.6105791,21.08538214,10.61115659,0.110443491,0.474753617,28.35801468,43892.37707,19.42580135,1517.262736
28/09/2023 14:17:32.000,40.61236293,21.0878037,10.59317743,0.131993441,0.456921068,28.35780475,43892.1109,19.42492673,1517.268851
28/09/2023 14:17:33.000,40.61133269,21.08967449,10.54548829,0.148754513,0.409620819,28.35578116,43889.30257,19.4226905,1517.270955
28/09/2023 14:17:34.000,40.61203859,21.09117114,10.50295556,0.17629056,0.367434929,28.35535242,43888.70958,19.42178506,1517.273879
28/09/2023 14:17:35.000,40.57757345,21.09280813,10.39533079,0.060160276,0.260687796,28.32752692,43849.98205,19.39977439,1517.245854
28/09/2023 14:17:36.000,0.00836734,21.08153167,10.40437847,-1.711724465,0.269661698,0.012511757,9.044235863,-2.013164104,1485.818043
28/09/2023 14:17:37.000,0.002329024,21.06228696,10.40556107,-10.77946435,0.27083465,0.010591753,2.518436443,-2.010440765,1485.758422
28/09/2023 14:17:38.000,0.001785289,20.9906745,10.40293621,-7.447602704,0.268231197,0.010453524,1.933340996,-1.995013246,1485.544339
28/09/2023 14:17:39.000,-0.002984313,20.92874029,10.40397176,-2.251670423,0.269258302,0,-3.235943195,-1.989607913,1485.346853
28/09/2023 14:17:40.000,-0.002135324,20.88122418,10.39408565,-4.331240555,0.259452814,0,-2.317649947,-1.97939885,1485.204303
28/09/2023 14:17:41.000,-0.000713982,20.8769623,10.3944204,-5.994178328,0.259784831,0,-0.775014586,-1.978478725,1485.191529
28/09/2023 14:17:42.000,-0.001190942,20.89158416,10.39724855,0.099668517,0.262589924,0,-1.292354401,-1.981618154,1485.235416
28/09/2023 14:17:43.000,-0.000389649,20.89018928,10.39783046,-5.78466493,0.26316708,0,-0.422841146,-1.981314678,1485.231244
28/09/2023 14:17:44.000,0.000201781,20.86731936,10.39852811,-4.148065984,0.263859048,0.010380925,0.219073872,-1.968435474,1485.174788
28/09/2023 14:17:45.000,0.001623123,20.8014941,10.40121238,0.008679841,0.26652143,0.0103526,1.764631271,-1.95428619,1484.977175
28/09/2023 14:17:46.000,0.001890221,20.70533739,10.39625056,0.50432868,0.261600072,0.010364701,2.0591268,-1.933697218,1484.687784
28/09/2023 14:17:47.000,-0.002392882,20.61975342,10.39502107,0.609683989,0.260380602,0,-2.611355199,-1.923385185,1484.417502
28/09/2023 14:17:48.000,-0.00302247,20.59111851,10.39365079,0.430101076,0.259021502,0,-3.300394674,-1.9173006,1484.330972
28/09/2023 14:17:49.000,-0.003060626,20.58019723,10.39242443,0.073329689,0.257805143,0,-3.342821543,-1.914985412,1484.29794
28/09/2023 14:17:50.000,-0.002316569,20.58199065,10.39155472,-0.927545745,0.256942523,0,-2.530065505,-1.91537041,1484.303348
28/09/2023 14:17:51.000,-0.002307029,20.58987798,10.39233371,0.266082016,0.257715157,0,-2.519232665,-1.917042944,1484.327201
28/09/2023 14:17:52.000,-0.003032009,20.60375734,10.39326912,0.778491928,0.258642941,0,-3.309938539,-1.919989665,1484.369157
28/09/2023 14:17:53.000,-0.002106706,20.60952161,10.39290309,0.370240105,0.258279895,0,-2.299541261,-1.921217513,1484.386564
28/09/2023 14:17:54.000,-0.001562971,20.62734396,10.39290935,-0.162522536,0.258286101,0,-1.705402729,-1.925010828,1484.440388
28/09/2023 14:17:55.000,-0.00265998,20.63892227,10.39262153,0.426509418,0.258000629,0,-2.901679896,-1.927478257,1484.475335
28/09/2023 14:17:56.000,-0.002268872,20.63357508,10.39301571,0.240940408,0.258391601,0,-2.475310181,-1.926337361,1484.459201
28/09/2023 14:17:57.000,-0.000408728,20.62712679,10.39299382,0.31995689,0.258369881,0,-0.445976419,-1.924964198,1484.439733
28/09/2023 14:17:58.000,-0.001210021,20.63922739,10.39333482,0.467214878,0.258708103,0,-1.319961383,-1.927540004,1484.476268
28/09/2023 14:17:59.000,-0.002411961,20.64284235,10.39298756,0.498342583,0.258363675,0,-2.630909332,-1.928311855,1484.487173
28/09/2023 14:18:00.000,-0.002163941,20.63922739,10.39331918,-0.472602366,0.258692588,0,-2.360553532,-1.927540076,1484.476268
28/09/2023 14:18:01.000,-0.001276795,20.62119082,10.39605973,-2.384561779,0.26141079,0,-1.393326445,-1.923686407,1484.42186
28/09/2023 14:18:02.000,-0.003394499,20.55570253,10.39732364,-3.457270379,0.262664396,0,-3.709372726,-1.909762344,1484.223946
28/09/2023 14:18:03.000,-0.002669519,20.48344348,10.39644453,-2.222937157,0.261792456,0,-2.921550194,-1.894460764,1484.005125
28/09/2023 14:18:04.000,-0.002679058,20.41840504,10.39538397,-13.17031153,0.260740547,0,-2.935981511,-1.880735883,1483.807799
28/09/2023 14:18:05.000,-0.001877765,20.36847774,10.39286868,0.77370305,0.258245763,0,-2.059996691,-1.87023753,1483.656057
28/09/2023 14:18:06.000,-0.002507353,20.32457584,10.39319717,0.652783888,0.258571573,0,-2.753216488,-1.861016006,1483.5225
28/09/2023 14:18:07.000,-0.002202098,20.29101435,10.39348186,-0.162522536,0.258853942,0,-2.419732757,-1.853979876,1483.420293
28/09/2023 14:18:08.000,-0.002526431,20.27236774,10.39035965,-1.777571533,0.2557572,0,-2.777206588,-1.850090728,1483.363414
28/09/2023 14:18:09.000,-0.003299107,20.25890151,10.39378845,-1.815882554,0.259158033,0,-3.627604196,-1.847258305,1483.322413
28/09/2023 14:18:10.000,-0.002726754,20.24723466,10.39210533,-2.912535543,0.257488642,0,-2.998996676,-1.844827188,1483.286801
28/09/2023 14:18:11.000,-0.002211637,20.23345771,10.39118244,0.725814273,0.256573273,0,-2.433153927,-1.841953331,1483.244752
28/09/2023 14:18:12.000,-0.002812607,20.20155921,10.39080702,0.683911593,0.25620092,0,-3.096392161,-1.83529889,1483.147362
28/09/2023 14:18:13.000,-0.002106706,20.18748492,10.39166109,-3.199868203,0.257048023,0,-2.31995395,-1.832361525,1483.104382
28/09/2023 14:18:14.000,-0.002955695,20.15021876,10.39303449,-2.379772901,0.258410219,0,-3.257433995,-1.824597997,1482.990485
28/09/2023 14:18:15.000,-0.002049471,20.02206765,10.39212097,0.71144764,0.257504157,0,-2.264805076,-1.79803759,1482.597847
28/09/2023 14:18:16.000,-0.004243488,19.91999643,10.38011099,0.27805421,0.245592108,0,-4.699468115,-1.777057507,1482.283957
28/09/2023 14:18:17.000,-0.00278399,19.87489001,10.39042848,-0.740779516,0.255825464,0,-3.086085173,-1.767749493,1482.145228
28/09/2023 14:18:18.000,-0.002287951,19.83791836,10.39129193,15.39773826,0.256681876,0,-2.538207383,-1.760170915,1482.031268
28/09/2023 14:18:19.000,-0.003594822,19.81487295,10.38863901,39.16134652,0.254050588,0,-3.989972529,-1.755468901,1481.960124
28/09/2023 14:18:20.000,-0.003318185,19.78627465,10.39041597,0.352281814,0.255813053,0,-3.685161273,-1.749618471,1481.871859
28/09/2023 14:18:21.000,-0.001601128,19.74782271,10.39170489,-0.593521527,0.257091465,0,-1.779657329,-1.741770901,1481.753057
28/09/2023 14:18:22.000,-0.003985929,19.73986343,10.39172992,-0.847332044,0.257116288,0,-4.431117491,-1.740149568,1481.728447
28/09/2023 14:18:23.000,-0.002755372,19.76352267,10.3917612,0.627642281,0.257147318,0,-3.061581217,-1.744970514,1481.801588
28/09/2023 14:18:24.000,-0.002202098,19.80443163,10.39122936,0.157135049,0.256619817,0,-2.444698594,-1.753322993,1481.927938
28/09/2023 14:18:25.000,-0.002688597,19.83943165,10.38826986,-3.836788935,0.253684444,0,-2.982581127,-1.760494521,1482.035886
28/09/2023 14:18:26.000,-0.003547126,19.82535636,10.3885827,0.643206133,0.253994736,0,-3.936158873,-1.757612953,1481.992472
28/09/2023 14:18:27.000,-0.002717215,19.83660515,10.38804148,-2.03138205,0.25345793,0,-3.014508458,-1.759917033,1482.027164
28/09/2023 14:18:28.000,-0.002326108,19.84279687,10.3903096,-0.372035935,0.255707553,0,-2.580271073,-1.761174085,1482.046298
28/09/2023 14:18:29.000,-0.003528047,19.86890674,10.39037217,-0.816204339,0.255769612,0,-3.911377664,-1.766522943,1482.12679
28/09/2023 14:18:30.000,-0.003356342,19.88521017,10.39064434,-1.216075625,0.256039567,0,-3.71973162,-1.769865433,1482.177026
28/09/2023 14:18:31.000,-0.003327724,19.8942277,10.39102289,-5.105841519,0.256415023,0,-3.687311746,-1.771714341,1482.204807
28/09/2023 14:18:32.000,-0.001915922,19.88410164,10.39131383,0.246926505,0.256703597,0,-2.123407879,-1.769634923,1482.173623
28/09/2023 14:18:33.000,-0.002764911,19.87899024,10.39052859,-0.376824812,0.255924758,0,-3.064670481,-1.768589962,1482.157863
28/09/2023 14:18:34.000,-0.003451734,19.8520005,10.39004994,-2.801194137,0.255450009,0,-3.828142835,-1.763060008,1482.074673
28/09/2023 14:18:35.000,-0.002526431,19.83784654,10.3867995,-0.023645084,0.252226074,0,-2.802776756,-1.760176806,1482.030972
28/09/2023 14:18:36.000,-0.003184636,19.77677952,10.38855454,3.39202192,0.253966809,0,-3.537555023,-1.747689174,1481.842498
28/09/2023 14:18:37.000,-0.003089244,19.76589094,10.38260743,9.980320386,0.248068196,0,-3.432384653,-1.745495393,1481.808756
28/09/2023 14:18:38.000,-0.003756988,19.7221584,10.38445006,18.9450994,0.249895795,0,-4.178176916,-1.736579026,1481.673562
28/09/2023 14:18:39.000,-0.001448501,19.71627618,10.38208186,18.22676775,0.247546913,0,-1.611090783,-1.735393272,1481.655323
28/09/2023 14:18:40.000,-0.003671136,19.73798261,10.38412158,12.41187303,0.249569992,0,-4.081327443,-1.739801447,1481.722505
28/09/2023 14:18:41.000,-0.003575743,19.73561497,10.3847848,0.026638132,0.250227805,0,-3.975476698,-1.739316321,1481.715193
28/09/2023 14:18:42.000,-0.00373791,19.706603,10.38710295,3.138211403,0.252527056,0,-4.158333646,-1.73340324,1481.625469
28/09/2023 14:18:43.000,-0.002135324,19.61703016,10.38735948,3.20645291,0.252781495,0,-2.380025269,-1.715234733,1481.347895
28/09/2023 14:18:44.000,-0.002936617,19.58531308,10.38722496,4.25880878,0.252648069,0,-3.275355799,-1.708822794,1481.249444
28/09/2023 14:18:45.000,-0.002202098,19.60638338,10.39190198,0.048188082,0.25728695,0,-2.455008294,-1.713060143,1481.314932
28/09/2023 14:18:46.000,-0.002955695,19.58567641,10.38775992,-1.856588015,0.253178668,0,-3.296609388,-1.708893739,1481.250581
28/09/2023 14:18:47.000,-0.001963618,19.55121642,10.38660866,9.508615934,0.252036796,0,-2.191713438,-1.701943852,1481.143506
28/09/2023 14:18:48.000,-0.002268872,19.56381208,10.38517898,6.387464908,0.25061877,0,-2.531746768,-1.704491173,1481.182625
28/09/2023 14:18:49.000,-0.003432655,19.589013,10.38117776,0.115232369,0.246650184,0,-3.828310779,-1.709598035,1481.260833
28/09/2023 14:18:50.000,-0.003871459,19.62287611,10.38196924,-1.347769761,0.24743521,0,-4.314579361,-1.716442554,1481.365942
28/09/2023 14:18:51.000,-0.005559898,19.65881892,10.39359761,-0.059561666,0.258968752,0,-6.191537342,-1.723671236,1481.477581
28/09/2023 14:18:52.000,-0.003289567,19.6908194,10.39220544,-0.004489573,0.257587936,0,-3.660791169,-1.730172422,1481.57669
28/09/2023 14:18:53.000,-0.002135324,19.71629667,10.39217729,-0.0308284,0.25756001,0,-2.375006251,-1.735351149,1481.655553
28/09/2023 14:18:54.000,-0.002078088,19.72866612,10.39197394,-0.016461767,0.257358318,0,-2.310739365,-1.737868813,1481.693819
28/09/2023 14:18:55.000,-0.002812607,19.73775712,10.39197394,0.056568618,0.257358318,0,-3.126886915,-1.739719528,1481.721937
28/09/2023 14:18:56.000,-0.004148096,19.74057579,10.3920584,-0.003292353,0.257442098,0,-4.61132658,-1.740293136,1481.730655
28/09/2023 14:18:57.000,-0.004863536,19.76921788,10.39251829,-0.059561666,0.257898232,0,-5.403376272,-1.746128452,1481.8192
28/09/2023 14:18:58.000,-0.001734677,19.8049188,10.39238689,0.026638132,0.257767908,0,-1.92576289,-1.753417231,1481.929461
28/09/2023 14:18:59.000,-0.001610667,19.84137587,10.39244008,-0.009278451,0.257820658,0,-1.786711579,-1.760873405,1482.041951
28/09/2023 14:19:00.000,-0.002087628,19.87426909,10.39210533,-0.021250645,0.257488642,0,-2.314190207,-1.767614477,1482.143343
28/09/2023 14:19:01.000,-0.00277445,19.90082839,10.39198958,-0.069139421,0.257373833,0,-3.073822764,-1.773065097,1482.225148
28/09/2023 14:19:02.000,-0.002850764,19.91298381,10.39220857,-0.063153324,0.257591039,0,-3.157558707,-1.775560918,1482.262573
28/09/2023 14:19:03.000,-0.003642518,19.92333862,10.39224611,-0.053575569,0.257628275,0,-4.033636379,-1.777688937,1482.294442
28/09/2023 14:19:04.000,-0.00313694,19.93398715,10.39221483,-0.057167227,0.257597245,0,-3.47298949,-1.779878814,1482.327205
28/09/2023 14:19:05.000,-0.00397639,19.94609004,10.39226801,-0.064350544,0.257649995,0,-4.401240408,-1.782368823,1482.364432
